time,Ph_Sensor,ORP_Sensor,CT_Sensor,TDS_Sensor,NH_Sensor,DO_Sensor,TR_Sensor,BOD_Sensor,COD_Sensor,
2024-10-07 12:08:14.074	,,,,,,,,,
2024-10-07 12:38:14.074	,,,,,,,,,
2024-10-07 13:08:14.074	,,,,,,,,,
2024-10-07 13:38:14.074	,,,,,,,,,
2024-10-07 14:08:14.074	,,,,,,,,,
2024-10-07 14:38:14.074	,,,,,,,,,
2024-10-07 15:08:14.074	,,,,,,,,,
2024-10-07 15:38:14.074	,,,,,,,,,
2024-10-07 16:08:14.074	,,,,,,,,,
2024-10-07 16:38:14.074	,,,,,,,,,
2024-10-07 17:08:14.074	,,,,,,,,,
2024-10-07 17:38:14.074	,,,,,,,,,
2024-10-07 18:08:14.074	,,,,,,,,,
2024-10-07 18:38:14.074	,,,,,,,,,
2024-10-07 19:08:14.074	,,,,,,,,,
2024-10-07 19:38:14.074	,,,,,,,,,
2024-10-07 20:08:14.074	,,,,,,,,,
2024-10-07 20:38:14.074	,,,,,,,,,
2024-10-07 21:08:14.074	,,,,,,,,,
2024-10-07 21:38:14.074	,,,,,,,,,
2024-10-07 22:08:14.074	,,,,,,,,,
2024-10-07 22:38:14.074	,,,,,,,,,
2024-10-07 23:08:14.074	,,,,,,,,,
2024-10-07 23:38:14.074	,,,,,,,,,
2024-10-08 00:08:14.074	,,,,,,,,,
2024-10-08 00:38:14.074	,,,,,,,,,
2024-10-08 01:08:14.074	,,,,,,,,,
2024-10-08 01:38:14.074	,,,,,,,,,
2024-10-08 02:08:14.074	,,,,,,,,,
2024-10-08 10:39:12.067	,,,,,,,,,
2024-10-08 11:09:12.067	,,,,,,,,,
2024-10-08 11:39:12.067	,,,,,,,,,
2024-10-08 12:09:12.067	,,,,,,,,,
2024-10-08 12:39:12.067	,,,,,,,,,
2024-10-08 13:09:12.067	,,,,,,,,,
2024-10-08 13:39:12.067	,,,,,,,,,
2024-10-08 14:09:12.067	,,,,,,,,,
2024-10-08 14:39:12.067	,,,,,,,,,
2024-10-08 15:09:12.067	,,,,,,,,,
2024-10-08 15:39:12.067	,,,,,,,,,
2024-10-08 16:09:12.067	,,,,,,,,,
2024-10-08 16:39:12.067	,,,,,,,,,
2024-10-08 17:09:12.067	,,,,,,,,,
2024-10-08 17:39:12.067	,,,,,,,,,
2024-10-08 18:09:12.067	,,,,,,,,,
2024-10-08 18:39:12.067	,,,,,,,,,
2024-10-08 19:09:12.067	,,,,,,,,,
2024-10-08 19:39:12.067	,,,,,,,,,
2024-10-08 20:09:12.067	,,,,,,,,,
2024-10-08 20:39:12.067	,,,,,,,,,
2024-10-08 21:09:12.067	,,,,,,,,,
2024-10-08 21:39:12.067	,,,,,,,,,
2024-10-08 22:09:12.067	,,,,,,,,,
2024-10-08 22:39:12.067	,,,,,,,,,
2024-10-08 23:09:12.067	,,,,,,,,,
2024-10-08 23:39:12.067	,,,,,,,,,
2024-10-09 00:09:12.067	,,,,,,,,,
2024-10-09 00:39:12.067	,,,,,,,,,
2024-10-09 01:09:12.067	,,,,,,,,,
2024-10-09 10:08:18.018	,,,,,,,,,
2024-10-09 10:38:18.018	,,,,,,,,,
2024-10-09 11:08:18.018	,,,,,,,,,
2024-10-09 11:38:18.018	,,,,,,,,,
2024-10-09 12:08:18.018	,,,,,,,,,
2024-10-09 12:38:18.018	,,,,,,,,,
2024-10-09 13:08:18.018	,,,,,,,,,
2024-10-09 13:38:18.018	,,,,,,,,,
2024-10-09 14:08:18.018	,,,,,,,,,
2024-10-09 14:38:18.018	,,,,,,,,,
2024-10-09 15:08:18.018	,,,,,,,,,
2024-10-09 15:38:18.018	,,,,,,,,,
2024-10-09 16:08:18.018	,,,,,,,,,
2024-10-09 16:38:18.018	,,,,,,,,,
2024-10-09 17:08:18.018	,,,,,,,,,
2024-10-09 17:38:18.018	,,,,,,,,,
2024-10-09 18:08:18.018	,,,,,,,,,
2024-10-09 18:38:18.018	,,,,,,,,,
2024-10-09 19:08:18.018	,,,,,,,,,
2024-10-09 19:38:18.018	,,,,,,,,,
2024-10-09 20:08:18.018	,,,,,,,,,
2024-10-09 20:38:18.018	,,,,,,,,,
2024-10-09 21:08:18.018	,,,,,,,,,
2024-10-09 21:38:18.018	,,,,,,,,,
2024-10-09 22:08:18.018	,,,,,,,,,
2024-10-09 22:38:18.018	,,,,,,,,,
2024-10-09 23:08:18.018	,,,,,,,,,
2024-10-09 23:38:18.018	,,,,,,,,,
2024-10-10 09:21:38.255	,,,,,,,,,
2024-10-10 09:51:38.255	,,,,,,,,,
2024-10-10 10:21:38.255	,,,,,,,,,
2024-10-10 10:51:38.255	,,,,,,,,,
2024-10-10 11:21:38.255	,,,,,,,,,
2024-10-10 11:51:38.255	,,,,,,,,,
2024-10-10 12:21:38.255	,,,,,,,,,
2024-10-10 12:51:38.255	,,,,,,,,,
2024-10-10 13:21:38.255	,,,,,,,,,
2024-10-10 13:51:38.255	,,,,,,,,,
2024-10-10 14:21:38.255	,,,,,,,,,
2024-10-10 14:51:38.255	,,,,,,,,,
2024-10-10 15:21:38.255	,,,,,,,,,
2024-10-10 15:51:38.255	,,,,,,,,,
2024-10-10 16:21:38.255	,,,,,,,,,
2024-10-10 16:51:38.255	,,,,,,,,,
2024-10-10 17:21:38.255	,,,,,,,,,
2024-10-10 17:51:38.255	,,,,,,,,,
2024-10-10 18:21:38.255	,,,,,,,,,
2024-10-10 18:51:38.255	,,,,,,,,,
2024-10-10 19:21:38.255	,,,,,,,,,
2024-10-10 19:51:38.255	,,,,,,,,,
2024-10-10 20:21:38.255	,,,,,,,,,
2024-10-10 20:51:38.255	,,,,,,,,,
2024-10-10 21:21:38.255	,,,,,,,,,
2024-10-10 21:51:38.255	,,,,,,,,,
2024-10-10 22:21:38.255	,,,,,,,,,
2024-10-10 22:51:38.255	,,,,,,,,,
2024-10-10 23:21:38.255	,,,,,,,,,
2024-10-11 09:11:18.084	,,,,,,,,,
2024-10-11 09:41:18.084	,,,,,,,,,
2024-10-11 10:11:18.084	,,,,,,,,,
2024-10-11 10:41:18.084	,,,,,,,,,
2024-10-11 11:11:18.084	,,,,,,,,,
2024-10-11 11:41:18.084	,,,,,,,,,
2024-10-11 12:11:18.084	,,,,,,,,,
2024-10-11 12:41:18.084	,,,,,,,,,
2024-10-11 13:11:18.084	,,,,,,,,,
2024-10-11 13:41:18.084	,,,,,,,,,
2024-10-11 14:11:18.084	,,,,,,,,,
2024-10-11 14:41:18.084	,,,,,,,,,
2024-10-11 15:11:18.084	,,,,,,,,,
2024-10-11 15:41:18.084	,,,,,,,,,
2024-10-11 16:11:18.084	,,,,,,,,,
2024-10-11 16:41:18.084	,,,,,,,,,
2024-10-11 17:11:18.084	,,,,,,,,,
2024-10-11 17:41:18.084	,,,,,,,,,
2024-10-11 18:11:18.084	,,,,,,,,,
2024-10-11 18:41:18.084	,,,,,,,,,
2024-10-11 19:11:18.084	,,,,,,,,,
2024-10-11 19:41:18.084	,,,,,,,,,
2024-10-11 20:11:18.084	,,,,,,,,,
2024-10-11 20:41:18.084	,,,,,,,,,
2024-10-11 21:11:18.084	,,,,,,,,,
2024-10-11 21:41:18.084	,,,,,,,,,
2024-10-11 22:11:18.084	,,,,,,,,,
2024-10-11 22:41:18.084	,,,,,,,,,
2024-10-11 23:11:18.084	,,,,,,,,,
2024-10-11 23:41:18.084	,,,,,,,,,
2024-10-12 00:11:18.084	,,,,,,,,,
2024-10-12 00:41:18.084	,,,,,,,,,
2024-10-12 01:11:18.084	,,,,,,,,,
2024-10-12 01:41:18.084	,,,,,,,,,
2024-10-12 02:11:18.084	,,,,,,,,,
2024-10-12 02:41:18.084	,,,,,,,,,
2024-10-12 03:11:18.084	,,,,,,,,,
2024-10-12 03:41:18.084	,,,,,,,,,
2024-10-12 04:11:18.084	,,,,,,,,,
2024-10-12 09:18:57.008	,,,,,,,,,
2024-10-12 09:48:57.008	,,,,,,,,,
2024-10-12 10:18:57.008	,,,,,,,,,
2024-10-12 10:48:57.008	,,,,,,,,,
2024-10-12 11:18:57.008	,,,,,,,,,
2024-10-12 11:48:57.008	,,,,,,,,,
2024-10-12 12:18:57.008	,,,,,,,,,
2024-10-12 12:48:57.008	,,,,,,,,,
2024-10-12 13:18:57.008	,,,,,,,,,
2024-10-12 13:48:57.008	,,,,,,,,,
2024-10-12 14:18:57.008	,,,,,,,,,
2024-10-12 14:48:57.008	,,,,,,,,,
2024-10-12 15:18:57.008	,,,,,,,,,
2024-10-12 15:48:57.008	,,,,,,,,,
2024-10-12 16:18:57.008	,,,,,,,,,
2024-10-12 16:48:57.008	,,,,,,,,,
2024-10-12 17:18:57.008	,,,,,,,,,
2024-10-12 17:48:57.008	,,,,,,,,,
2024-10-12 18:18:57.008	,,,,,,,,,
2024-10-12 18:48:57.008	,,,,,,,,,
2024-10-12 19:18:57.008	,,,,,,,,,
2024-10-12 19:48:57.008	,,,,,,,,,
2024-10-12 20:18:57.008	,,,,,,,,,
2024-10-12 20:48:57.008	,,,,,,,,,
2024-10-12 21:18:57.008	,,,,,,,,,
2024-10-12 21:48:57.008	,,,,,,,,,
2024-10-12 22:18:57.008	,,,,,,,,,
2024-10-12 22:48:57.008	,,,,,,,,,
2024-10-12 23:18:57.008	,,,,,,,,,
2024-10-12 23:48:57.008	,,,,,,,,,
2024-10-13 00:18:57.008	,,,,,,,,,
2024-10-13 00:48:57.008	,,,,,,,,,
2024-10-13 01:18:57.008	,,,,,,,,,
2024-10-13 01:48:57.008	,,,,,,,,,
2024-10-13 02:18:57.008	,,,,,,,,,
2024-10-13 02:48:57.008	,,,,,,,,,
2024-10-28 15:44:54.023	,,,,,,,,,
2024-10-28 16:14:54.023	,,,,,,,,,
2024-10-28 16:44:54.023	,,,,,,,,,
2024-10-28 17:14:54.023	,,,,,,,,,
2024-10-28 17:44:54.023	,,,,,,,,,
2024-10-28 18:14:54.023	,,,,,,,,,
2024-10-28 18:44:54.023	,,,,,,,,,
2024-10-28 19:14:54.023	,,,,,,,,,
2024-10-28 19:44:54.023	,,,,,,,,,
2024-10-28 20:14:54.023	,,,,,,,,,
2024-10-28 20:44:54.023	,-14.204,1.120,28.017,27.549,0.244,27.655,27.750,,
2024-10-28 21:14:54.023	,-10.518,1.120,27.983,27.516,0.249,27.678,27.750,,
2024-10-28 21:44:54.023	,-11.615,1.120,27.943,27.473,0.245,27.591,27.688,,
2024-10-28 22:14:54.023	,-12.240,1.120,27.889,27.422,0.245,27.530,27.625,,
2024-10-28 22:44:54.023	,-10.477,1.120,,27.362,0.248,27.476,27.562,,
2024-10-28 23:14:54.023	,-10.226,1.120,27.769,27.299,0.243,27.415,27.562,,
2024-10-28 23:44:54.023	,-9.299,1.120,27.710,27.242,0.238,27.389,27.500,,
2024-10-29 00:14:54.023	,-13.912,1.120,27.660,27.192,0.249,27.335,27.438,,
2024-10-29 00:44:54.023	,-14.465,1.120,27.613,27.144,0.252,27.277,27.375,,
2024-10-29 01:14:54.023	,-12.059,1.120,27.568,27.100,0.252,27.322,27.375,,
2024-10-29 01:44:54.023	,-11.253,1.120,27.529,27.053,0.254,27.271,27.312,,
2024-10-29 02:14:54.023	,-10.900,1.120,27.469,26.995,0.261,27.220,27.250,,
2024-10-29 02:44:54.023	,-10.115,1.120,27.409,26.937,0.252,27.082,27.250,,
2024-10-29 03:14:54.023	,-15.070,1.120,27.346,,0.252,27.044,27.188,,
2024-10-29 03:44:54.023	,-11.283,1.120,27.286,26.816,0.245,27.006,27.125,,
2024-10-29 04:14:54.023	,-10.598,1.120,27.234,,0.247,26.948,27.062,,
2024-10-29 04:44:54.023	,-6.630,1.120,27.174,26.705,0.246,26.885,27.000,,
2024-10-29 05:14:54.023	,-11.847,1.120,27.131,26.653,0.252,26.843,27.000,,
2024-10-29 05:44:54.023	,-15.100,1.120,27.077,26.608,0.253,26.811,26.938,,
2024-10-29 06:14:54.023	,-8.433,1.120,27.042,26.566,0.252,26.760,26.875,,
2024-10-29 08:22:42.022	,-26.339,1.120,26.990,26.456,0.243,26.713,26.812,,
2024-10-29 08:52:42.022	,-18.433,1.120,27.015,26.545,0.252,26.751,26.875,,
2024-10-29 09:22:42.022	,-14.173,1.120,27.094,,0.252,26.885,26.938,,
2024-10-29 09:52:42.022	,-14.717,1.120,27.199,26.722,0.252,26.904,27.000,,
2024-10-29 10:22:42.022	,-11.394,1.120,27.327,26.851,0.248,27.015,27.125,,
2024-10-29 10:52:42.022	,-11.484,1.120,27.445,26.928,0.246,27.143,27.250,,
2024-10-29 11:22:42.022	,-13.267,1.120,27.505,27.031,0.240,27.191,27.312,,
2024-10-29 11:52:42.022	,-12.784,1.120,27.605,27.132,0.237,27.281,27.375,,
2024-10-29 12:22:42.022	,-12.592,1.120,27.698,27.180,0.244,27.425,27.438,,
2024-10-29 12:52:42.022	,-11.918,1.120,27.778,27.305,0.237,27.453,27.562,,
2024-10-29 13:22:42.022	,-10.367,1.120,27.892,27.419,0.236,27.533,27.625,,
2024-10-29 13:52:42.022	,-11.615,1.120,27.944,27.472,0.235,27.588,27.688,,
2024-10-29 14:22:42.022	,-10.780,1.120,27.949,27.479,0.237,27.588,27.688,,
2024-10-29 14:52:42.022	,-8.655,1.120,27.896,27.423,0.234,27.549,27.688,,
2024-10-29 15:22:42.022	,-11.827,1.120,,27.314,0.241,27.453,27.562,,
2024-10-29 15:52:42.022	,-12.189,1.120,27.748,27.238,0.240,27.405,27.500,,
2024-10-29 16:22:42.022	,-5.412,1.120,27.700,27.234,0.243,27.380,27.500,,
2024-10-29 16:52:42.022	,2.756,1.120,27.669,27.197,0.228,27.335,27.438,,
2024-10-29 17:22:42.022	,5.575,1.120,27.695,27.228,0.222,27.338,27.438,,
2024-10-29 17:52:42.022	,19.594,1.120,27.529,27.058,0.217,27.207,27.312,,
2024-10-29 18:22:42.022	,27.630,1.120,27.330,26.861,0.257,27.022,27.125,,
2024-10-29 18:52:42.022	,18.023,1.120,27.333,26.858,0.272,27.022,27.125,,
2024-10-29 19:22:42.022	,21.407,1.120,27.365,26.848,0.263,27.054,27.188,,
2024-10-29 19:52:42.022	,17.167,1.120,27.419,,0.238,27.105,27.188,,
2024-10-29 20:22:42.022	,12.061,1.120,27.441,26.967,0.244,27.201,27.250,,
2024-10-29 20:52:42.022	,2.977,1.120,27.417,26.950,0.256,27.105,27.250,,
2024-10-29 21:22:42.022	,8.647,1.120,27.414,26.944,0.263,27.165,27.188,,
2024-10-29 21:52:42.022	,2.927,1.120,27.416,26.947,0.258,27.159,27.250,,
2024-10-29 22:22:42.022	,1.728,1.120,27.376,26.904,0.259,27.076,27.188,,
2024-10-30 09:03:46.061	,-9.964,1.120,26.616,26.140,0.237,26.436,26.375,,
2024-10-30 09:33:46.061	,-13.408,1.120,26.693,26.210,0.261,26.506,26.438,,
2024-10-30 10:03:46.061	,-10.165,1.120,26.786,26.266,0.264,26.506,26.562,,
2024-10-30 10:33:46.061	,-10.981,1.120,26.905,26.426,0.256,26.700,26.625,,
2024-10-30 11:03:46.061	,-9.168,1.120,27.001,26.522,0.251,26.703,26.688,,
2024-10-30 11:33:46.061	,-2.411,1.120,27.135,26.665,0.240,26.850,26.875,,
2024-10-30 12:03:46.061	,-3.740,1.120,27.270,26.792,0.243,26.958,26.938,,
2024-10-30 12:33:46.061	,-6.711,1.120,27.400,26.921,0.244,27.150,27.062,,
2024-10-30 13:03:46.061	,-7.869,1.120,27.520,27.050,0.238,27.207,27.188,,
2024-10-30 13:33:46.061	,-4.153,1.120,27.648,27.176,0.236,27.386,27.312,,
2024-10-30 14:03:46.061	,-5.986,1.120,27.765,27.289,0.239,27.399,27.375,,
2024-10-30 14:33:46.061	,-5.231,1.120,27.840,27.325,0.231,27.469,27.438,,
2024-10-30 15:03:46.061	,-6.771,1.120,27.920,27.448,0.231,27.575,27.500,,
2024-10-30 15:33:46.061	,-9.611,1.120,27.968,27.499,0.231,27.617,27.562,,
2024-10-30 16:03:46.061	,-8.473,1.120,28.002,27.536,0.241,27.649,27.625,,
2024-10-30 16:33:46.061	,-6.459,1.120,28.002,27.497,0.235,27.649,27.625,,
2024-10-30 17:03:46.061	,-8.634,1.120,27.989,27.524,0.238,27.620,27.562,,
2024-10-30 17:33:46.061	,-8.423,1.120,27.992,27.523,0.243,27.710,27.625,,
2024-10-30 18:03:46.061	,-5.009,1.120,28.002,27.533,0.240,27.642,27.625,,
2024-10-30 18:33:46.061	,-3.035,1.120,27.996,27.526,0.240,27.633,27.562,,
2024-10-30 19:03:46.061	,-7.043,1.120,27.974,27.464,0.242,27.610,27.562,,
2024-10-30 19:33:46.061	,-5.865,1.120,27.969,27.504,0.245,27.620,27.562,,
2024-10-30 20:03:46.061	,-7.648,1.120,27.962,27.494,0.249,27.607,27.562,,
2024-10-30 20:33:46.061	,-5.170,1.120,27.956,27.489,0.247,27.658,27.562,,
2024-10-30 21:03:46.061	,-7.174,1.120,27.947,27.479,0.250,27.655,27.562,,
2024-10-30 21:33:46.061	,-8.242,1.120,27.925,27.458,0.248,27.588,27.562,,
2024-10-30 22:03:46.061	,-7.960,1.120,27.892,27.423,0.252,27.530,27.500,,
2024-10-30 22:33:46.061	,-6.318,1.120,27.845,27.381,0.247,27.498,27.500,,
2024-10-30 23:03:46.061	,-4.747,1.120,27.803,27.331,0.243,27.460,27.438,,
2024-10-30 23:33:46.061	,-8.705,1.120,27.742,27.234,0.239,27.466,27.375,,
2024-10-31 00:03:46.061	,-9.309,1.120,27.683,27.168,0.256,27.345,27.312,,
2024-10-31 08:39:19.048	,-10.377,1.120,,26.401,0.236,26.624,26.562,,
2024-10-31 09:09:19.048	,-17.315,1.120,26.941,26.457,0.258,26.678,26.625,,
2024-10-31 09:39:19.048	,-21.908,1.120,27.032,26.554,0.251,26.821,26.750,,
2024-10-31 10:09:19.048	,-19.753,1.120,27.144,26.612,0.253,26.923,26.812,,
2024-10-31 10:39:19.048	,-19.551,1.120,27.270,26.748,0.244,26.984,27.000,,
2024-10-31 11:09:19.048	,-20.025,1.120,27.350,26.880,0.254,27.035,27.000,,
2024-10-31 11:39:19.048	,-22.945,1.120,27.467,26.992,0.246,27.217,27.125,,
2024-10-31 12:09:19.048	,-23.116,1.120,27.521,27.051,0.249,27.210,27.188,,
2024-10-31 12:39:19.048	,-17.708,1.120,27.673,27.202,0.244,27.341,27.312,,
2024-10-31 13:09:19.048	,-18.031,1.120,27.812,27.339,0.235,27.463,27.438,,
2024-10-31 13:39:19.048	,-19.310,1.120,27.834,27.365,0.248,27.492,27.438,,
2024-10-31 14:09:19.048	,-10.880,1.120,27.883,27.372,0.255,27.530,27.500,,
2024-10-31 14:39:19.048	,-13.620,1.120,27.954,27.482,0.234,27.591,27.562,,
2024-10-31 15:09:19.048	,-12.703,1.120,28.059,27.591,0.239,27.771,27.625,,
2024-10-31 15:39:19.048	,-12.602,1.120,28.141,27.669,0.238,27.780,27.750,,
2024-10-31 16:09:19.048	,-13.146,1.120,28.161,27.652,0.241,27.780,27.750,,
2024-10-31 16:39:19.048	,-12.774,1.120,28.170,27.705,0.243,27.784,27.750,,
2024-10-31 17:09:19.048	,-13.519,1.120,28.195,27.728,0.243,27.838,27.750,,
2024-10-31 17:39:19.048	,-10.145,1.120,28.221,27.754,0.235,27.851,27.812,,
2024-10-31 18:09:19.048	,-12.965,1.120,28.234,27.732,0.246,27.861,27.812,,
2024-10-31 18:39:19.048	,-14.506,1.120,28.230,27.763,0.243,27.848,27.812,,
2024-10-31 19:09:19.048	,-16.973,1.120,28.231,27.768,0.249,27.915,27.812,,
2024-10-31 19:39:19.048	,-17.034,1.120,28.233,27.768,0.248,27.851,27.812,,
2024-10-31 20:09:19.048	,-16.409,1.120,28.237,27.768,0.245,27.851,27.812,,
2024-10-31 20:39:19.048	,-17.597,1.120,28.228,27.762,0.254,27.851,27.812,,
2024-10-31 21:09:19.048	,-17.366,1.120,28.221,27.753,0.247,27.848,27.812,,
2024-10-31 21:39:19.048	,-18.907,1.120,28.203,27.733,0.239,27.845,27.812,,
2024-10-31 22:09:19.048	,-24.486,1.120,28.167,27.704,0.244,27.793,27.750,,
2024-10-31 22:39:19.048	,-20.327,1.120,28.131,27.667,0.237,27.768,27.750,,
2024-10-31 23:09:19.048	,-17.638,1.120,28.093,27.624,0.243,27.726,27.688,,
2024-10-31 23:39:19.048	,,,,,0.231,,,,
2024-11-01 08:12:52.950	,,,,,,,,,
2024-11-01 08:42:52.950	,,,,,,,,,
2024-11-01 09:12:52.950	,-35.483,1.120,27.317,26.845,0.266,27.022,27.000,,
2024-11-01 09:42:52.950	,-98.889,1.120,27.358,26.890,0.253,27.076,27.000,,
2024-11-01 10:12:52.950	,-105.304,1.120,27.530,27.053,0.237,27.277,27.188,,
2024-11-01 10:42:52.950	,-55.494,1.120,27.642,27.170,0.247,27.325,27.250,,
2024-11-01 11:12:52.950	,-69.059,1.120,27.843,27.374,0.241,27.517,27.438,,
2024-11-01 11:42:52.950	,-52.402,1.120,27.886,27.375,0.243,27.537,27.500,,
2024-11-01 12:12:52.950	,-61.416,1.120,27.996,27.530,0.236,27.655,27.562,,
2024-11-01 12:42:52.950	,-37.910,1.120,28.141,27.673,0.243,27.774,27.750,,
2024-11-01 13:12:52.950	,-50.771,1.120,28.299,27.831,0.233,27.912,27.875,,
2024-11-01 13:42:52.950	,-56.008,1.120,28.409,27.911,0.243,28.038,27.938,,
2024-11-01 14:12:52.950	,-56.300,1.120,28.489,28.023,0.239,28.099,28.062,,
2024-11-01 14:42:52.950	,-46.420,1.120,28.582,28.119,0.237,28.173,28.125,,
2024-11-01 15:12:52.950	,-59.291,1.120,28.659,28.195,0.246,28.234,28.188,,
2024-11-01 15:42:52.950	,-52.362,1.120,28.704,28.240,0.245,28.292,28.250,,
2024-11-01 16:12:52.950	,-53.601,1.120,28.716,28.254,0.245,28.299,28.250,,
2024-11-01 16:42:52.950	,-35.816,1.120,28.716,28.251,0.243,28.295,28.250,,
2024-11-01 17:12:52.950	,-52.050,1.120,28.708,28.248,0.241,28.295,28.250,,
2024-11-01 17:42:52.950	,-67.629,1.120,28.701,28.213,0.237,28.295,28.250,,
2024-11-01 18:12:52.950	,-32.643,1.120,28.655,28.192,0.244,28.241,28.188,,
2024-11-01 18:42:52.950	,-86.723,1.120,28.640,28.173,0.246,28.231,28.188,,
2024-11-01 19:12:52.950	,-68.556,1.120,28.609,28.117,0.242,28.186,28.125,,
2024-11-01 19:42:52.950	,-71.396,1.120,28.582,28.117,0.252,28.176,28.125,,
2024-11-01 20:12:52.950	,-89.342,1.120,28.563,28.101,0.253,28.170,28.125,,
2024-11-01 20:42:52.950	,-85.042,1.120,28.547,28.084,0.244,28.147,28.125,,
2024-11-01 21:12:52.950	,-85.737,1.120,28.544,28.077,0.252,28.144,28.250,,
2024-11-01 21:42:52.950	,-105.798,1.120,28.533,28.069,0.253,28.115,28.250,,
2024-11-01 22:12:52.950	,-97.489,1.120,28.504,28.039,0.248,28.105,28.188,,
2024-11-01 22:42:52.950	,-92.494,1.120,28.453,27.987,0.250,28.050,28.125,,
2024-11-01 23:12:52.950	,-97.056,1.120,28.400,27.935,0.246,28.031,28.125,,
2024-11-01 23:42:52.950	,-102.102,1.120,28.344,27.883,0.246,27.973,28.062,,
2024-11-02 09:43:08.048	,-12.411,1.120,27.423,26.954,0.246,27.121,27.062,,
2024-11-02 10:13:08.048	,-12.341,1.120,27.450,26.980,0.259,27.146,27.125,,
2024-11-02 10:43:08.048	,-24.476,1.120,27.463,26.990,0.258,27.143,27.125,,
2024-11-02 11:13:08.048	,-49.300,1.120,27.501,27.031,0.262,27.207,27.188,,
2024-11-02 11:43:08.048	,-97.650,1.120,27.652,27.177,0.259,27.332,27.250,,
2024-11-02 12:13:08.048	,-65.051,1.120,27.679,27.167,0.256,27.341,27.312,,
2024-11-02 12:43:08.048	,-64.940,1.120,27.760,27.290,0.257,27.431,27.438,,
2024-11-02 13:13:08.048	,-63.631,1.120,27.796,27.320,0.249,27.469,27.438,,
2024-11-02 13:43:08.048	,-53.933,1.120,28.041,27.571,0.249,27.674,27.625,,
2024-11-02 14:13:08.048	,-51.194,1.120,28.105,27.636,0.245,27.729,27.688,,
2024-11-02 14:43:08.048	,-50.398,1.120,28.180,27.710,0.252,27.803,27.812,,
2024-11-02 15:13:08.048	,-50.005,1.120,28.266,27.799,0.243,27.902,27.875,,
2024-11-02 15:43:08.048	,-48.887,1.120,28.338,27.873,0.244,27.954,27.938,,
2024-11-02 16:13:08.048	,-53.732,1.120,28.341,27.876,0.244,27.941,27.938,,
2024-11-02 16:43:08.048	,-48.666,1.120,28.308,27.843,0.246,27.915,27.875,,
2024-11-02 17:13:08.048	,-51.768,1.120,28.275,27.810,0.244,27.909,27.875,,
2024-11-02 17:43:08.048	,-47.055,1.120,28.245,27.779,0.248,27.867,27.812,,
2024-11-02 18:13:08.048	,-43.026,1.120,28.219,27.751,0.245,27.845,27.812,,
2024-11-02 18:43:08.048	,-26.772,1.120,28.182,27.717,0.244,27.819,27.750,,
2024-11-02 19:13:08.048	,-22.663,1.120,28.159,27.695,0.244,27.784,27.750,,
2024-11-02 19:43:08.048	,-21.787,1.120,28.149,27.680,0.242,27.784,27.750,,
2024-11-03 09:04:46.029	,-9.934,1.120,27.142,26.672,0.230,26.885,26.875,,
2024-11-03 09:34:46.029	,-14.335,1.120,27.244,26.772,0.246,27.015,26.938,,
2024-11-03 10:04:46.029	,-19.863,1.120,27.388,26.911,0.241,27.092,27.062,,
2024-11-03 10:34:46.029	,-36.259,1.120,27.497,26.977,0.237,27.210,27.125,,
2024-11-03 11:04:46.029	,-91.386,1.120,27.627,27.148,0.242,27.322,27.250,,
2024-11-03 11:34:46.029	,-25.453,1.120,27.762,27.287,0.241,27.431,27.375,,
2024-11-03 12:04:46.029	,-20.065,1.120,27.926,27.414,0.235,27.591,27.562,,
2024-11-03 12:34:46.029	,-20.145,1.120,28.089,27.610,0.238,27.723,27.688,,
2024-11-03 13:04:46.029	,-19.944,1.120,28.203,27.735,0.239,27.848,27.812,,
2024-11-03 13:34:46.029	,-20.095,1.120,28.296,27.830,0.243,27.906,27.875,,
2024-11-03 14:04:46.029	,-20.216,1.120,28.395,27.925,0.241,28.005,27.938,,
2024-11-03 14:34:46.029	,-20.065,1.120,28.529,28.063,0.235,28.131,28.062,,
2024-11-03 15:04:46.029	,-20.337,1.120,28.563,28.069,0.234,28.170,28.125,,
2024-11-03 15:34:46.029	,-20.095,1.120,28.623,28.159,0.231,28.228,28.125,,
2024-11-03 16:04:46.029	,-20.246,1.120,28.669,28.176,0.238,28.253,28.188,,
2024-11-03 16:34:46.029	,-20.196,1.120,28.681,28.216,0.244,28.257,28.188,,
2024-11-03 17:04:46.029	,-19.964,1.120,28.678,28.213,0.249,28.266,28.188,,
2024-11-03 17:34:46.029	,-20.014,1.120,28.672,28.204,0.243,28.241,28.188,,
2024-11-03 18:04:46.029	,-20.236,1.120,28.644,28.179,0.243,28.237,28.188,,
2024-11-03 18:34:46.029	,-20.266,1.120,28.643,28.179,0.239,28.234,28.188,,
2024-11-03 19:04:46.029	,-20.115,1.120,28.617,28.158,0.246,28.218,28.188,,
2024-11-03 19:34:46.029	,-20.135,1.120,28.595,28.129,0.244,28.186,28.125,,
2024-11-03 20:04:46.029	,-20.004,1.120,28.577,28.117,0.244,28.170,28.125,,
2024-11-03 20:34:46.029	,-20.276,1.120,28.574,28.108,0.243,28.170,28.125,,
2024-11-03 21:04:46.029	,-19.994,1.120,28.565,28.101,0.250,28.170,28.125,,
2024-11-03 21:34:46.029	,-20.095,1.120,28.541,28.074,0.247,28.134,28.062,,
2024-11-03 22:04:46.029	,-20.045,1.120,28.497,28.035,0.251,28.102,28.062,,
2024-11-03 22:34:46.029	,-19.843,1.120,28.433,27.974,0.248,28.105,28.000,,
2024-11-03 23:04:46.029	,-19.964,1.120,28.376,27.913,0.250,27.986,28.000,,
2024-11-03 23:34:46.029	,-19.944,1.120,28.327,27.861,0.247,27.954,27.875,,
2024-11-04 00:04:46.029	,-19.954,1.120,28.269,27.806,0.251,27.902,27.875,,
2024-11-04 00:34:46.029	,-19.954,1.120,28.209,27.741,0.251,27.848,27.938,,
2024-11-04 09:21:52.961	,6.854,1.120,26.872,26.399,0.198,26.678,26.625,,
2024-11-04 09:51:52.961	,-4.133,1.120,26.844,26.375,0.206,26.585,26.625,,
2024-11-04 10:21:52.961	,-6.056,1.120,26.865,26.392,0.208,26.608,26.625,,
2024-11-04 10:51:52.961	,-14.476,1.120,26.887,26.419,0.214,26.633,26.625,,
2024-11-04 11:21:52.961	,-26.591,1.120,26.914,26.442,0.208,26.646,26.625,,
2024-11-04 11:51:52.961	,-20.689,1.120,26.969,26.497,0.208,26.697,26.688,,
2024-11-04 12:21:52.961	,-18.927,1.120,26.996,26.528,0.194,26.713,26.750,,
2024-11-04 12:51:52.961	,-18.796,1.120,27.110,26.639,0.189,26.827,26.875,,
2024-11-04 13:21:52.961	,-18.806,1.120,27.205,26.685,0.184,26.920,26.938,,
2024-11-04 13:51:52.961	,-18.887,1.120,27.292,26.821,0.182,26.996,27.000,,
2024-11-04 14:21:52.961	,-18.766,1.120,27.385,26.911,0.180,27.076,27.062,,
2024-11-04 14:51:52.961	,-18.816,1.120,27.464,26.995,0.180,27.143,27.188,,
2024-11-04 15:21:52.961	,-18.856,1.120,27.489,27.021,0.180,27.181,27.188,,
2024-11-04 15:51:52.961	,-18.756,1.120,27.508,27.035,0.180,27.188,27.188,,
2024-11-04 16:21:52.961	,-18.866,1.120,27.518,27.045,0.173,27.207,27.250,,
2024-11-04 16:51:52.961	,-18.846,1.120,27.532,27.065,0.178,27.271,27.250,,
2024-11-04 17:21:52.961	,-18.836,1.120,27.549,27.077,0.174,27.220,27.250,,
2024-11-04 17:51:52.961	,-18.917,1.120,27.545,27.079,0.198,27.213,27.250,,
2024-11-04 18:21:52.961	,-18.897,1.120,27.526,27.014,0.179,27.213,27.250,,
2024-11-04 18:51:52.961	,-18.937,1.120,27.508,27.045,0.171,27.197,27.188,,
2024-11-04 19:21:52.961	,-18.846,1.120,27.501,26.982,0.174,27.188,27.188,,
2024-11-04 19:51:52.961	,-18.887,1.120,27.470,27.005,0.185,27.146,27.125,,
2024-11-04 20:21:52.961	,-18.826,1.120,27.436,26.972,0.178,27.143,27.125,,
2024-11-04 20:51:52.961	,-18.856,1.120,27.390,26.924,0.183,27.086,27.125,,
2024-11-04 21:21:52.961	,-18.917,1.120,27.334,26.867,0.183,27.095,27.062,,
2024-11-04 21:51:52.961	,-18.866,1.120,27.283,26.814,0.183,27.012,27.000,,
2024-11-04 22:21:52.961	,-18.967,1.120,27.244,26.773,0.179,26.952,26.938,,
2024-11-05 08:54:53.100	,-17.557,1.120,25.754,25.272,0.077,25.571,25.625,,
2024-11-05 09:24:53.100	,-18.121,1.120,25.645,25.169,0.059,25.556,25.500,,
2024-11-05 09:54:53.100	,-18.131,1.120,25.618,25.137,0.051,25.455,25.500,,
2024-11-05 10:24:53.100	,-18.252,1.120,25.612,25.141,0.049,25.467,25.500,,
2024-11-05 10:54:53.100	,-18.302,1.120,25.635,25.152,0.051,25.486,25.500,,
2024-11-05 11:24:53.100	,-18.363,1.120,25.657,25.175,0.049,25.496,25.500,,
2024-11-05 11:54:53.100	,-18.212,1.120,25.674,25.203,0.049,25.518,25.562,,
2024-11-05 12:24:53.100	,-18.232,1.120,25.723,25.243,0.048,25.556,25.562,,
2024-11-05 12:54:53.100	,-18.393,1.120,25.770,25.297,0.047,25.616,25.625,,
2024-11-05 13:24:53.100	,-18.192,1.120,25.844,25.371,0.050,25.676,25.688,,
2024-11-05 13:54:53.100	,-18.252,1.120,25.943,25.471,0.053,25.771,25.812,,
2024-11-05 14:24:53.100	,-18.111,1.120,26.050,25.580,0.058,25.872,25.875,,
2024-11-05 14:54:53.100	,-18.222,1.120,26.157,25.679,0.053,25.935,26.000,,
2024-11-05 15:24:53.100	,-18.202,1.120,26.243,25.772,0.054,26.043,26.062,,
2024-11-05 15:54:53.100	,-18.182,1.120,26.340,25.816,0.054,26.125,26.125,,
2024-11-05 16:24:53.100	,-16.359,1.120,26.401,25.929,0.056,26.182,26.188,,
2024-11-05 16:54:53.100	,-17.497,1.120,26.461,25.983,0.055,26.249,26.250,,
2024-11-05 17:24:53.100	,-17.799,1.120,26.497,26.020,0.056,26.261,26.312,,
2024-11-05 17:54:53.100	,-17.960,1.120,26.522,26.045,0.054,26.271,26.312,,
2024-11-05 18:24:53.100	,-16.520,1.120,26.524,26.050,0.056,26.299,26.312,,
2024-11-05 18:54:53.100	,-17.225,1.120,26.515,26.018,0.056,26.290,26.312,,
2024-11-05 19:24:53.100	,-15.845,1.120,26.511,26.035,0.056,26.325,26.312,,
2024-11-05 19:54:53.100	,-16.228,1.120,26.498,26.020,0.058,26.255,26.312,,
2024-11-05 20:24:53.100	,-17.547,1.120,26.481,25.987,0.063,26.252,26.250,,
2024-11-05 20:54:53.100	,-17.255,1.120,26.471,26.003,0.066,26.252,26.250,,
2024-11-05 21:24:53.100	,-16.641,1.120,26.452,25.983,0.071,26.242,26.250,,
2024-11-05 21:54:53.100	,-17.326,1.120,26.440,25.922,0.064,26.204,26.250,,
2024-11-05 22:24:53.100	,-17.074,1.120,26.423,25.926,0.062,26.188,26.250,,
2024-11-05 22:54:53.100	,-17.608,1.120,26.406,25.930,0.064,26.188,26.188,,
2024-11-05 23:24:53.100	,-17.315,1.120,26.385,25.912,0.067,26.182,26.188,,
2024-11-05 23:54:53.100	,-17.658,1.120,26.371,25.894,0.071,26.128,26.188,,
2024-11-06 00:24:53.100	,-18.252,1.120,26.351,25.877,0.080,26.141,26.188,,
2024-11-06 08:48:23.051	,28.909,1.120,26.161,25.665,0.123,25.948,26.000,,
2024-11-06 09:18:23.051	,53.543,1.120,26.176,25.697,0.127,25.983,26.000,,
2024-11-06 09:48:23.051	,13.823,1.120,26.196,25.726,0.128,25.998,26.000,,
2024-11-06 10:18:23.051	,-8.483,1.120,26.281,25.804,0.124,26.081,26.062,,
2024-11-06 10:48:23.051	,-12.260,1.120,26.352,25.882,0.125,26.128,26.188,,
2024-11-06 11:18:23.051	,-15.654,1.120,26.382,25.884,0.134,26.160,26.188,,
2024-11-06 11:48:23.051	,-17.174,1.120,26.483,26.013,0.133,26.249,26.312,,
2024-11-06 12:18:23.051	,-18.141,1.120,26.646,26.168,0.132,26.398,26.438,,
2024-11-06 12:48:23.051	,-18.202,1.120,26.758,26.285,0.128,26.506,26.562,,
2024-11-06 13:18:23.051	,-18.413,1.120,26.867,26.401,0.120,26.614,26.625,,
2024-11-06 13:48:23.051	,-18.464,1.120,26.970,26.500,0.123,26.697,26.688,,
2024-11-06 14:18:23.051	,-18.494,1.120,27.044,26.518,0.130,26.767,26.812,,
2024-11-06 14:48:23.051	,-18.695,1.120,27.128,26.661,0.122,26.846,26.875,,
2024-11-06 15:18:23.051	,-18.615,1.120,27.149,26.682,0.125,26.885,26.875,,
2024-11-06 15:48:23.051	,-18.625,1.120,27.183,26.716,0.131,26.952,26.938,,
2024-11-06 16:18:23.051	,-17.829,1.120,27.226,26.759,0.137,26.942,26.938,,
2024-11-06 16:48:23.051	,,,,,,,,,
2024-11-06 17:18:23.051	,-18.625,1.120,27.242,26.768,0.127,27.012,27.125,,
2024-11-06 17:48:23.051	,-18.594,1.120,27.234,26.713,0.141,26.952,27.062,,
2024-11-06 18:18:23.051	,-18.524,1.120,27.225,26.755,0.142,26.942,27.062,,
2024-11-06 18:48:23.051	,-18.605,1.120,27.241,26.769,0.142,26.952,27.125,,
2024-11-06 19:18:23.051	,-18.605,1.120,27.299,26.826,0.140,27.012,27.125,,
2024-11-06 19:48:23.051	,-18.443,1.120,27.409,26.943,0.130,27.102,27.250,,
2024-11-06 20:18:23.051	,-18.605,1.120,27.450,26.986,0.127,27.143,27.250,,
2024-11-06 20:48:23.051	,-18.756,1.120,27.391,26.920,0.132,27.082,27.250,,
2024-11-06 21:18:23.051	,-18.645,1.120,27.325,26.852,0.152,27.025,27.188,,
2024-11-06 21:48:23.051	,-18.554,1.120,27.287,26.816,0.175,27.006,27.125,,
2024-11-06 22:18:23.051	,-18.534,1.120,27.254,26.783,0.188,26.952,27.125,,
2024-11-07 09:29:49.142	,11.044,1.120,26.615,26.146,0.187,26.379,26.438,,
2024-11-07 09:59:49.142	,10.752,1.120,26.648,26.178,0.200,26.417,26.438,,
2024-11-07 10:29:49.142	,8.859,1.120,26.723,26.250,0.202,26.477,26.500,,
2024-11-07 10:59:49.142	,-19.602,1.120,26.798,26.326,0.203,26.560,26.562,,
2024-11-07 11:29:49.142	,-16.882,1.120,26.862,26.385,0.193,26.601,26.625,,
2024-11-07 11:59:49.142	,-17.023,1.120,26.989,26.515,0.190,26.760,26.750,,
2024-11-07 12:29:49.142	,-18.413,1.120,27.073,26.606,0.201,26.799,26.812,,
2024-11-07 12:59:49.142	,-18.443,1.120,27.225,26.751,0.187,26.936,26.938,,
2024-11-07 13:29:49.142	,-18.494,1.120,27.353,26.888,0.196,27.066,27.062,,
2024-11-07 13:59:49.142	,-18.665,1.120,27.454,26.983,0.192,27.140,27.125,,
2024-11-07 14:29:49.142	,-18.534,1.120,27.552,27.084,0.184,27.297,27.250,,
2024-11-07 14:59:49.142	,-18.725,1.120,27.623,27.158,0.191,27.290,27.312,,
2024-11-07 15:29:49.142	,-18.574,1.120,27.664,27.199,0.184,27.338,27.375,,
2024-11-07 15:59:49.142	,-18.846,1.120,27.685,27.219,0.195,27.345,27.375,,
2024-11-07 16:29:49.142	,-18.615,1.120,27.677,27.215,0.191,27.345,27.375,,
2024-11-07 16:59:49.142	,-18.675,1.120,27.673,27.209,0.198,27.345,27.375,,
2024-11-07 17:29:49.142	,-18.735,1.120,27.666,27.200,0.195,27.402,27.312,,
2024-11-07 17:59:49.142	,-18.776,1.120,27.677,27.213,0.194,27.357,27.375,,
2024-11-07 18:29:49.142	,-18.866,1.120,27.674,27.205,0.196,27.341,27.375,,
2024-11-07 18:59:49.142	,-18.806,1.120,27.660,27.196,0.222,27.335,27.312,,
2024-11-07 19:29:49.142	,-18.665,1.120,27.633,27.168,0.206,27.306,27.312,,
2024-11-07 19:59:49.142	,-18.665,1.120,27.592,27.123,0.208,27.271,27.375,,
2024-11-07 20:29:49.142	,-18.715,1.120,27.568,27.106,0.235,27.258,27.375,,
2024-11-07 20:59:49.142	,-18.675,1.120,27.536,27.067,0.246,27.274,27.375,,
2024-11-07 21:29:49.142	,-18.675,1.120,27.557,27.094,0.225,27.242,27.375,,
2024-11-07 21:59:49.142	,-18.685,1.120,27.564,27.102,0.215,27.245,27.375,,
2024-11-07 22:29:49.142	,-18.635,1.120,27.563,27.097,0.196,27.220,27.375,,
2024-11-08 08:59:44.978	,6.673,1.120,26.645,26.147,0.227,26.385,26.438,,
2024-11-08 09:29:44.978	,12.142,1.120,26.642,26.172,0.232,26.385,26.438,,
2024-11-08 09:59:44.978	,-11.444,1.120,26.661,26.165,0.238,26.433,26.438,,
2024-11-08 10:29:44.978	,-16.067,1.120,26.695,26.191,0.237,26.442,26.438,,
2024-11-08 10:59:44.978	,-21.606,1.120,26.756,26.288,0.230,26.509,26.562,,
2024-11-08 11:29:44.978	,-18.746,1.120,26.828,26.354,0.222,26.576,26.562,,
2024-11-08 11:59:44.978	,-18.987,1.120,26.838,26.321,0.229,26.570,26.625,,
2024-11-08 12:29:44.978	,-18.544,1.120,26.887,26.416,0.218,26.633,26.625,,
2024-11-08 12:59:44.978	,-18.403,1.120,26.940,26.470,0.222,26.687,26.688,,
2024-11-08 13:29:44.978	,-18.383,1.120,26.986,26.521,0.221,26.716,26.750,,
2024-11-08 13:59:44.978	,-18.474,1.120,27.025,26.559,0.210,26.764,26.750,,
2024-11-08 14:29:44.978	,-18.504,1.120,27.106,26.635,0.204,26.818,26.812,,
2024-11-08 14:59:44.978	,-18.695,1.120,27.161,26.696,0.198,26.885,26.875,,
2024-11-08 15:29:44.978	,-18.494,1.120,27.174,26.658,0.200,26.888,26.875,,
2024-11-08 15:59:44.978	,-18.464,1.120,27.248,26.778,0.192,26.948,27.000,,
2024-11-08 16:29:44.978	,-18.554,1.120,27.263,26.792,0.199,27.015,27.000,,
2024-11-08 16:59:44.978	,-18.504,1.120,27.253,26.779,0.199,26.952,26.938,,
2024-11-08 17:29:44.978	,-18.615,1.120,27.221,26.753,0.196,26.939,26.938,,
2024-11-08 17:59:44.978	,-18.594,1.120,27.145,26.681,0.205,26.859,26.875,,
2024-11-08 18:29:44.978	,-18.665,1.120,27.105,26.633,0.205,26.824,26.812,,
2024-11-08 18:59:44.978	,-18.725,1.120,27.074,26.611,0.204,26.875,26.812,,
2024-11-08 19:29:44.978	,-18.715,1.120,27.061,26.542,0.198,26.840,26.812,,
2024-11-08 19:59:44.978	,-18.615,1.120,27.050,26.586,0.200,26.837,26.812,,
2024-11-08 20:29:44.978	,-18.625,1.120,27.107,26.638,0.207,26.827,26.875,,
2024-11-08 20:59:44.978	,-18.766,1.120,27.014,26.542,0.207,26.815,26.750,,
2024-11-08 21:29:44.978	,-18.504,1.120,26.930,26.459,0.191,26.678,26.688,,
2024-11-08 21:59:44.978	,-18.695,1.120,26.867,26.394,0.180,26.617,26.625,,
2024-11-08 22:29:44.978	,-18.504,1.120,26.812,26.341,0.169,26.566,26.562,,
2024-11-09 08:38:05.998	,10.530,1.120,26.266,25.797,0.199,26.062,26.125,,
2024-11-09 09:08:05.998	,12.756,1.120,26.289,25.812,0.207,26.131,26.125,,
2024-11-09 09:38:05.998	,6.260,1.120,26.344,25.872,0.211,26.125,26.188,,
2024-11-09 10:08:05.998	,-29.350,1.120,26.426,25.957,0.201,26.198,26.250,,
2024-11-09 10:38:05.998	,-22.341,1.120,26.544,26.075,0.203,26.322,26.312,,
2024-11-09 11:08:05.998	,-19.924,1.120,26.578,26.112,0.202,26.360,26.375,,
2024-11-09 11:38:05.998	,-18.464,1.120,26.735,26.261,0.204,26.500,26.500,,
2024-11-09 12:08:05.998	,-18.383,1.120,26.851,26.381,0.214,26.681,26.625,,
2024-11-09 12:38:05.998	,-18.534,1.120,26.959,26.484,0.210,26.697,26.688,,
2024-11-09 13:08:05.998	,-18.504,1.120,27.094,26.621,0.207,26.888,26.812,,
2024-11-09 13:38:05.998	,-18.514,1.120,27.222,26.748,0.219,26.929,26.938,,
2024-11-09 14:08:05.998	,-18.625,1.120,27.248,26.785,0.216,26.952,27.000,,
2024-11-09 14:38:05.998	,-18.715,1.120,27.285,26.815,0.209,27.003,27.000,,
2024-11-09 15:08:05.998	,-18.735,1.120,27.333,26.868,0.212,27.028,27.062,,
2024-11-09 15:38:05.998	,-18.725,1.120,27.388,26.920,0.229,27.082,27.125,,
2024-11-09 16:08:05.998	,-18.544,1.120,27.406,26.939,0.219,27.092,27.125,,
2024-11-09 16:38:05.998	,-18.725,1.120,27.425,26.962,0.221,27.134,27.125,,
2024-11-09 17:08:05.998	,-18.594,1.120,27.441,26.970,0.222,27.143,27.250,,
2024-11-09 17:38:05.998	,-18.675,1.120,27.412,26.943,0.224,27.162,27.250,,
2024-11-09 18:08:05.998	,-18.735,1.120,27.426,26.956,0.225,27.118,27.250,,
2024-11-09 18:38:05.998	,-18.746,1.120,27.409,26.947,0.245,27.086,27.250,,
2024-11-09 19:08:05.998	,-18.635,1.120,27.286,26.824,0.267,27.009,27.125,,
2024-11-09 19:38:05.998	,-18.564,1.120,27.168,26.646,0.229,26.888,27.062,,
2024-11-09 20:08:05.998	,-18.514,1.120,27.005,26.486,0.198,26.735,26.938,,
2024-11-09 20:38:05.998	,-18.504,1.120,26.842,26.378,0.195,26.633,26.750,,
2024-11-09 21:08:05.998	,-18.423,1.120,26.745,26.281,0.199,26.506,26.688,,
2024-11-09 21:38:05.998	,-18.474,1.120,26.761,26.289,0.210,26.506,26.688,,
2024-11-10 08:28:22.001	,150.555,1.120,26.191,25.722,0.210,25.998,26.000,,
2024-11-10 08:58:22.001	,144.150,1.120,26.205,25.736,0.181,26.065,26.062,,
2024-11-10 09:28:22.001	,98.136,1.120,26.221,25.732,0.179,26.005,26.062,,
2024-11-10 09:58:22.001	,8.959,1.120,26.244,25.766,0.156,26.030,26.062,,
2024-11-10 10:28:22.001	,-6.570,1.120,26.276,25.809,0.137,26.062,26.125,,
2024-11-10 10:58:22.001	,-14.123,1.120,26.336,25.869,0.115,26.125,26.188,,
2024-11-10 11:28:22.001	,-12.814,1.120,26.415,25.943,0.119,26.192,26.250,,
2024-11-10 11:58:22.001	,-13.076,1.120,26.494,26.022,0.118,26.258,26.312,,
2024-11-10 12:28:22.001	,-15.573,1.120,26.598,26.126,0.124,26.363,26.375,,
2024-11-10 12:58:22.001	,-16.600,1.120,26.705,26.230,0.132,26.455,26.500,,
2024-11-10 13:28:22.001	,-17.416,1.120,26.796,26.326,0.135,26.528,26.562,,
2024-11-10 13:58:22.001	,-17.869,1.120,26.884,26.420,0.137,26.633,26.625,,
2024-11-10 14:28:22.001	,-18.141,1.120,26.960,26.497,0.141,26.700,26.750,,
2024-11-10 14:58:22.001	,-18.554,1.120,27.063,26.591,0.137,26.789,26.812,,
2024-11-10 15:28:22.001	,-18.605,1.120,27.121,26.651,0.141,26.830,26.875,,
2024-11-10 15:58:22.001	,-18.675,1.120,27.155,26.636,0.144,26.885,26.875,,
2024-11-10 16:28:22.001	,-18.605,1.120,27.196,26.735,0.140,26.904,26.938,,
2024-11-10 16:58:22.001	,-18.534,1.120,27.222,26.759,0.149,26.945,26.938,,
2024-11-10 17:28:22.001	,-18.645,1.120,27.238,26.775,0.153,26.958,26.938,,
2024-11-10 17:58:22.001	,-18.635,1.120,27.261,26.792,0.155,27.025,27.125,,
2024-11-10 18:28:22.001	,-18.504,1.120,27.257,26.743,0.155,27.031,27.125,,
2024-11-10 18:58:22.001	,-18.605,1.120,27.263,26.795,0.161,26.958,27.125,,
2024-11-10 19:28:22.001	,-18.735,1.120,27.206,26.745,0.162,26.917,27.062,,
2024-11-10 19:58:22.001	,-18.625,1.120,27.080,26.619,0.187,26.818,27.000,,
2024-11-10 20:28:22.001	,-18.544,1.120,27.015,26.551,0.202,26.757,26.938,,
2024-11-10 20:58:22.001	,-18.615,1.120,26.980,26.515,0.204,26.709,26.875,,
2024-11-10 21:28:22.001	,-18.474,1.120,26.814,26.351,0.204,26.579,26.750,,
2024-11-10 21:58:22.001	,-18.494,1.120,26.631,26.162,0.210,26.382,26.562,,
2024-11-10 22:28:22.001	,-18.534,1.120,26.513,26.042,0.201,26.296,26.438,,
2024-11-10 22:58:22.001	,-18.675,1.120,26.446,25.976,0.185,26.236,26.375,,
2024-11-10 23:28:22.001	,-18.685,1.120,26.402,25.932,0.174,26.188,26.375,,
2024-11-11 08:23:03.165	,44.993,1.120,25.990,25.522,0.150,25.808,25.812,,
2024-11-11 08:53:03.165	,107.139,1.120,25.994,25.467,0.140,25.808,25.875,,
2024-11-11 09:23:03.165	,12.132,1.120,25.986,25.519,0.149,25.808,25.812,,
2024-11-11 09:53:03.165	,16.230,1.120,26.010,25.533,0.144,25.812,25.875,,
2024-11-11 10:23:03.165	,19.483,1.120,26.052,25.576,0.140,25.862,25.875,,
2024-11-11 10:53:03.165	,-2.391,1.120,26.097,25.623,0.144,25.916,25.938,,
2024-11-11 11:23:03.165	,-1.242,1.120,26.139,25.664,0.144,25.935,25.938,,
2024-11-11 11:53:03.165	,-13.881,1.120,26.198,25.725,0.143,25.998,26.062,,
2024-11-11 12:23:03.165	,-14.647,1.120,26.265,25.798,0.143,26.059,26.125,,
2024-11-11 12:53:03.165	,-14.606,1.120,26.352,25.880,0.139,26.131,26.125,,
2024-11-11 13:23:03.165	,-13.861,1.120,26.432,25.958,0.138,26.198,26.250,,
2024-11-11 13:53:03.165	,-15.473,1.120,26.520,26.049,0.142,26.357,26.312,,
2024-11-11 14:23:03.165	,-16.852,1.120,26.595,26.130,0.140,26.363,26.375,,
2024-11-11 14:53:03.165	,-17.970,1.120,26.673,26.176,0.142,26.490,26.438,,
2024-11-11 15:23:03.165	,-18.343,1.120,26.725,26.237,0.140,26.500,26.500,,
2024-11-11 15:53:03.165	,-18.443,1.120,26.778,26.316,0.140,26.582,26.562,,
2024-11-11 16:23:03.165	,-18.514,1.120,26.832,26.362,0.138,26.573,26.562,,
2024-11-11 16:53:03.165	,-18.534,1.120,26.858,26.396,0.155,26.630,26.625,,
2024-11-11 17:23:03.165	,-18.584,1.120,26.872,26.403,0.155,26.627,26.625,,
2024-11-11 17:53:03.165	,-18.564,1.120,26.859,26.352,0.157,26.624,26.625,,
2024-11-11 18:23:03.165	,-18.605,1.120,26.854,26.385,0.159,26.604,26.625,,
2024-11-11 18:53:03.165	,-18.725,1.120,26.841,26.379,0.151,26.582,26.625,,
2024-11-11 19:23:03.165	,-18.746,1.120,26.848,26.378,0.153,26.592,26.625,,
2024-11-11 19:53:03.165	,-18.776,1.120,26.839,26.326,0.153,26.576,26.625,,
2024-11-11 20:23:03.165	,-18.544,1.120,26.826,26.364,0.153,26.582,26.625,,
2024-11-11 20:53:03.165	,-18.645,1.120,26.825,26.355,0.161,26.570,26.625,,
2024-11-11 21:23:03.165	,-18.685,1.120,26.805,26.319,0.171,26.550,26.562,,
2024-11-11 21:53:03.165	,-18.615,1.120,26.772,26.310,0.170,26.515,26.562,,
2024-11-11 22:23:03.165	,-18.605,1.120,26.746,26.243,0.176,26.506,26.562,,
2024-11-11 22:53:03.165	,-18.766,1.120,26.716,26.217,0.177,26.503,26.500,,
2024-11-11 23:23:03.165	,-18.725,1.120,26.692,26.228,0.183,26.452,26.500,,
2024-11-11 23:53:03.165	,-18.615,1.120,26.658,26.158,0.188,26.420,26.438,,
2024-11-12 08:57:56.976	,46.695,1.120,26.120,25.594,0.206,25.992,26.000,,
2024-11-12 09:27:56.976	,50.693,1.120,26.158,25.692,0.214,25.957,26.000,,
2024-11-12 09:57:56.976	,6.492,1.120,26.189,25.723,0.212,26.062,26.062,,
2024-11-12 10:27:56.976	,-12.059,1.120,26.213,25.747,0.216,26.002,26.062,,
2024-11-12 10:57:56.976	,-16.933,1.120,26.297,25.825,0.214,26.081,26.125,,
2024-11-12 11:27:56.976	,-18.222,1.120,,25.901,0.220,26.144,26.188,,
2024-11-12 11:57:56.976	,-18.605,1.120,26.477,25.965,0.213,26.249,26.250,,
2024-11-12 12:27:56.976	,-18.403,1.120,26.514,26.052,0.220,26.293,26.312,,
2024-11-12 12:57:56.976	,-18.514,1.120,26.635,26.141,0.218,26.385,26.438,,
2024-11-12 13:27:56.976	,-18.494,1.120,26.729,26.221,0.215,26.487,26.500,,
2024-11-12 13:57:56.976	,-18.615,1.120,26.795,26.331,0.215,26.560,26.562,,
2024-11-12 14:27:56.976	,-18.756,1.120,26.910,26.440,0.213,26.639,26.688,,
2024-11-12 14:57:56.976	,-18.625,1.120,27.003,26.535,0.221,26.735,26.750,,
2024-11-12 15:27:56.976	,-18.695,1.120,27.073,26.604,0.220,26.824,26.812,,
2024-11-12 15:57:56.976	,-16.459,1.120,27.092,26.629,0.225,26.824,26.812,,
2024-11-12 16:27:56.976	,-18.605,1.120,27.110,26.646,0.234,26.891,26.812,,
2024-11-12 16:57:56.976	,-18.705,1.120,27.121,26.659,0.231,26.846,26.875,,
2024-11-12 17:27:56.976	,-18.806,1.120,27.141,26.619,0.229,26.853,26.875,,
2024-11-12 17:57:56.976	,-18.645,1.120,27.152,26.685,0.235,26.881,26.875,,
2024-11-12 18:27:56.976	,-18.715,1.120,27.157,26.692,0.241,26.945,26.875,,
2024-11-12 18:57:56.976	,-18.806,1.120,27.157,26.696,0.238,26.878,26.875,,
2024-11-12 19:27:56.976	,-18.786,1.120,27.161,26.693,0.239,26.891,26.875,,
2024-11-12 19:57:56.976	,-18.766,1.120,27.152,26.688,0.237,26.885,26.875,,
2024-11-12 20:27:56.976	,-18.766,1.120,27.131,26.671,0.238,26.859,26.875,,
2024-11-12 20:57:56.976	,-18.806,1.120,27.110,26.594,0.244,26.824,26.875,,
2024-11-12 21:27:56.976	,-18.856,1.120,27.083,26.568,0.237,26.824,26.812,,
2024-11-12 21:57:56.976	,-18.715,1.120,27.058,26.592,0.243,26.786,26.812,,
2024-11-12 22:27:56.976	,-18.645,1.120,27.016,26.557,0.243,26.757,26.750,,
2024-11-12 22:57:56.976	,-18.675,1.120,26.975,26.464,0.235,26.709,26.750,,
2024-11-12 23:27:56.976	,-18.806,1.120,26.937,26.474,0.241,26.697,26.688,,
2024-11-13 09:08:07.681	,15.173,1.120,26.562,26.063,0.264,26.385,26.375,,
2024-11-13 09:38:07.681	,1.648,1.120,26.612,26.140,0.264,26.379,26.438,,
2024-11-13 10:08:07.681	,-18.323,1.120,26.641,26.178,0.275,26.411,26.438,,
2024-11-13 10:38:07.681	,-18.464,1.120,26.741,26.237,0.271,26.506,26.500,,
2024-11-13 11:08:07.681	,-18.453,1.120,26.875,26.403,0.258,26.633,26.625,,
2024-11-13 11:38:07.681	,-18.474,1.120,26.901,26.394,0.270,26.639,26.688,,
2024-11-13 12:08:07.681	,-18.514,1.120,27.006,26.542,0.260,26.757,26.750,,
2024-11-13 12:38:07.681	,-18.685,1.120,27.122,26.661,0.264,26.929,26.875,,
2024-11-13 13:08:07.681	,-18.615,1.120,27.177,26.715,0.267,26.968,26.938,,
2024-11-13 13:38:07.681	,-18.675,1.120,27.200,26.741,0.259,27.012,26.938,,
2024-11-13 14:08:07.681	,-18.635,1.120,27.305,26.847,0.265,27.022,27.000,,
2024-11-13 14:38:07.681	,-18.846,1.120,27.341,26.874,0.272,27.057,27.062,,
2024-11-13 15:08:07.681	,-18.705,1.120,27.420,26.960,0.262,27.140,27.125,,
2024-11-13 15:38:07.681	,-18.756,1.120,27.532,27.068,0.274,27.287,27.250,,
2024-11-13 16:08:07.681	,-18.735,1.120,27.633,27.173,0.280,27.335,27.312,,
2024-11-13 16:38:07.681	,-18.625,1.120,27.652,27.196,0.274,27.348,27.312,,
2024-11-13 17:08:07.681	,-18.715,1.120,27.630,27.128,0.281,27.335,27.312,,
2024-11-13 17:38:07.681	,-18.645,1.120,27.602,27.145,0.297,27.348,27.312,,
2024-11-13 18:08:07.681	,-18.756,1.120,27.552,27.093,0.294,27.258,27.250,,
2024-11-13 18:38:07.681	,-18.655,1.120,27.489,27.024,0.296,27.197,27.188,,
2024-11-13 19:08:07.681	,-18.836,1.120,27.439,26.977,0.288,27.207,27.125,,
2024-11-13 19:38:07.681	,-18.715,1.120,27.431,26.967,0.282,27.140,27.125,,
2024-11-13 20:08:07.681	,-18.675,1.120,27.432,26.924,0.279,27.204,27.125,,
2024-11-13 20:38:07.681	,-18.735,1.120,27.432,26.967,0.281,27.137,27.125,,
2024-11-13 21:08:07.681	,-18.715,1.120,27.401,26.936,0.277,27.121,27.062,,
2024-11-13 21:38:07.681	,-18.776,1.120,27.344,26.878,0.278,27.044,27.062,,
2024-11-13 22:08:07.681	,-18.655,1.120,27.271,26.808,0.278,26.999,27.000,,
2024-11-13 22:38:07.681	,-18.645,1.120,27.202,26.743,0.273,26.945,26.938,,
2024-11-13 23:08:07.681	,-18.514,1.120,27.155,26.695,0.276,26.885,26.875,,
2024-11-13 23:38:07.681	,-18.715,1.120,27.155,26.636,0.272,26.885,26.875,,
2024-11-14 08:43:05.962	,0.520,1.120,26.352,25.882,0.320,26.131,26.188,,
2024-11-14 09:13:05.962	,-10.377,1.120,26.388,25.869,0.334,26.188,26.188,,
2024-11-14 09:43:05.962	,-20.045,1.120,26.378,25.915,0.329,26.236,26.188,,
2024-11-14 10:13:05.962	,-18.464,1.120,26.379,25.909,0.324,26.182,26.188,,
2024-11-14 10:43:05.962	,-18.383,1.120,26.470,26.010,0.324,26.258,26.250,,
2024-11-14 11:13:05.962	,-18.464,1.120,26.522,26.057,0.321,26.315,26.312,,
2024-11-14 11:43:05.962	,-18.554,1.120,26.594,26.122,0.320,26.376,26.375,,
2024-11-14 12:13:05.962	,-18.504,1.120,26.696,26.228,0.326,26.449,26.438,,
2024-11-14 12:43:05.962	,-18.655,1.120,26.839,26.379,0.320,26.678,26.625,,
2024-11-14 13:13:05.962	,-18.695,1.120,26.921,26.454,0.314,26.674,26.688,,
2024-11-14 13:43:05.962	,-18.645,1.120,26.988,26.530,0.317,26.748,26.750,,
2024-11-14 14:13:05.962	,-18.423,1.120,27.080,26.621,0.316,26.830,26.812,,
2024-11-14 14:43:05.962	,-18.705,1.120,27.177,26.712,0.324,26.961,26.938,,
2024-11-14 15:13:05.962	,-18.826,1.120,27.221,26.763,0.354,26.952,26.938,,
2024-11-14 15:43:05.962	,-18.705,1.120,27.267,26.802,0.370,26.977,27.000,,
2024-11-14 16:13:05.962	,-18.746,1.120,27.305,26.838,0.372,27.015,27.000,,
2024-11-14 16:43:05.962	,-18.756,1.120,27.359,26.844,0.362,27.079,27.062,,
2024-11-14 17:13:05.962	,-18.715,1.120,27.387,26.928,0.334,27.102,27.125,,
2024-11-14 17:43:05.962	,-18.746,1.120,27.384,26.920,0.372,27.089,27.062,,
2024-11-14 18:13:05.962	,-18.746,1.120,27.334,26.871,0.410,27.060,27.062,,
2024-11-14 18:43:05.962	,-18.856,1.120,27.337,26.880,0.418,27.063,27.062,,
2024-11-14 19:13:05.962	,-18.856,1.120,27.352,26.894,0.431,27.079,27.062,,
2024-11-14 19:43:05.962	,-18.856,1.120,27.347,26.890,0.439,27.079,27.062,,
2024-11-14 20:13:05.962	,-18.816,1.120,27.333,26.877,0.453,27.070,27.062,,
2024-11-14 20:43:05.962	,-18.756,1.120,27.311,26.854,0.463,27.028,27.062,,
2024-11-14 21:13:05.962	,-18.937,1.120,27.277,26.818,0.479,27.009,27.000,,
2024-11-14 21:43:05.962	,-18.866,1.120,27.235,26.728,0.478,26.955,27.000,,
2024-11-15 08:32:13.967	,2.393,1.120,26.497,26.029,0.464,26.287,26.312,,
2024-11-15 09:02:13.967	,-21.525,1.120,26.534,26.062,0.474,26.379,26.312,,
2024-11-15 09:32:13.967	,-18.725,1.120,26.596,26.126,0.401,26.376,26.438,,
2024-11-15 10:02:13.967	,-18.554,1.120,26.690,26.228,0.376,26.522,26.500,,
2024-11-15 10:32:13.967	,-18.705,1.120,26.736,26.273,0.418,26.509,26.500,,
2024-11-15 11:02:13.967	,-18.735,1.120,26.848,26.385,0.385,26.687,26.625,,
2024-11-15 11:32:13.967	,-18.645,1.120,27.015,26.549,0.369,26.760,26.812,,
2024-11-15 12:02:13.967	,-18.776,1.120,27.070,26.555,0.336,26.888,26.812,,
2024-11-15 12:32:13.967	,-18.826,1.120,27.149,26.692,0.431,26.948,26.938,,
2024-11-15 13:02:13.967	,-18.806,1.120,27.279,26.819,0.407,27.012,27.000,,
2024-11-15 13:32:13.967	,-18.887,1.120,27.379,26.917,0.368,27.089,27.125,,
2024-11-15 14:02:13.967	,-18.907,1.120,27.439,26.933,0.349,27.143,27.188,,
2024-11-15 14:32:13.967	,-18.846,1.120,27.457,26.993,0.322,27.146,27.188,,
2024-11-15 15:02:13.967	,-18.887,1.120,27.520,27.057,0.322,27.213,27.250,,
2024-11-15 15:32:13.967	,-18.907,1.120,27.545,27.086,0.312,27.255,27.312,,
2024-11-15 16:02:13.967	,-18.866,1.120,27.533,27.070,0.313,27.229,27.250,,
2024-11-15 16:32:13.967	,-18.887,1.120,27.541,27.076,0.347,27.242,27.250,,
2024-11-15 17:02:13.967	,-18.907,1.120,27.542,27.080,0.341,27.229,27.250,,
2024-11-15 17:32:13.967	,-18.937,1.120,27.539,27.076,0.326,27.236,27.250,,
2024-11-15 18:02:13.967	,-18.947,1.120,27.539,27.076,0.335,27.236,27.250,,
2024-11-15 18:32:13.967	,-18.887,1.120,27.564,27.100,0.304,27.271,27.250,,
2024-11-15 19:02:13.967	,-18.876,1.120,27.592,27.135,0.319,27.274,27.312,,
2024-11-15 19:32:13.967	,-18.967,1.120,27.601,27.139,0.279,27.290,27.312,,
2024-11-15 20:02:13.967	,-18.977,1.120,27.574,27.115,0.308,27.277,27.312,,
2024-11-15 20:32:13.967	,-18.866,1.120,27.542,27.080,0.319,27.229,27.312,,
2024-11-15 21:02:13.967	,-18.897,1.120,27.491,27.035,0.286,27.207,27.188,,
2024-11-15 21:32:13.967	,-18.937,1.120,27.453,26.990,0.258,27.156,27.125,,
2024-11-15 22:02:13.967	,-18.897,1.120,27.410,26.954,0.264,27.124,27.125,,
2024-11-15 22:32:13.967	,-19.108,1.120,27.369,26.907,0.259,27.079,27.062,,
2024-11-15 23:02:13.967	,-18.887,1.120,27.317,26.861,0.257,27.031,27.000,,
2024-11-15 23:32:13.967	,-18.927,1.120,27.273,26.816,0.314,27.015,27.000,,
2024-11-16 10:20:44.115	,-1.112,1.120,26.661,26.193,0.380,26.439,26.438,,
2024-11-16 10:50:44.115	,-12.441,1.120,26.693,26.228,0.467,26.449,26.438,,
2024-11-16 11:20:44.115	,-22.361,1.120,26.732,26.269,0.412,26.506,26.500,,
2024-11-16 11:50:44.115	,-18.615,1.120,26.796,26.327,0.443,26.557,26.562,,
2024-11-16 12:20:44.115	,-18.403,1.120,26.865,26.403,0.456,26.624,26.625,,
2024-11-16 12:50:44.115	,-18.443,1.120,26.957,26.493,0.537,26.700,26.688,,
2024-11-16 13:20:44.115	,-18.474,1.120,27.024,26.564,0.537,26.760,26.750,,
2024-11-16 13:50:44.115	,-18.645,1.120,27.054,26.594,0.528,26.799,26.812,,
2024-11-16 14:20:44.115	,-18.625,1.120,27.131,26.671,0.495,26.856,26.875,,
2024-11-16 14:50:44.115	,-18.665,1.120,27.151,26.632,0.462,26.945,26.875,,
2024-11-16 15:20:44.115	,-18.735,1.120,27.212,26.749,0.466,26.933,26.938,,
2024-11-16 15:50:44.115	,-18.776,1.120,27.223,26.758,0.430,26.952,26.938,,
2024-11-16 16:20:44.115	,-18.695,1.120,27.245,26.788,0.420,26.958,26.938,,
2024-11-16 16:50:44.115	,-18.836,1.120,27.274,26.814,0.455,26.999,27.000,,
2024-11-16 17:20:44.115	,-18.846,1.120,27.248,26.741,0.393,26.958,27.000,,
2024-11-16 17:50:44.115	,-18.635,1.120,27.247,26.782,0.457,26.952,26.938,,
2024-11-16 18:20:44.115	,-18.786,1.120,27.247,26.789,0.478,27.025,27.000,,
2024-11-16 18:50:44.115	,-18.786,1.120,27.247,26.786,0.499,26.958,27.000,,
2024-11-16 19:20:44.115	,-18.806,1.120,27.235,26.779,0.481,27.015,27.000,,
2024-11-16 19:50:44.115	,-18.776,1.120,27.235,26.779,0.499,26.952,26.938,,
2024-11-16 20:20:44.115	,-18.836,1.120,27.222,26.768,0.514,27.012,26.938,,
2024-11-16 20:50:44.115	,-18.887,1.120,27.205,26.743,0.452,26.907,26.938,,
2024-11-16 21:20:44.115	,-18.846,1.120,27.173,26.659,0.449,26.888,26.875,,
2024-11-17 09:42:46.160	,-15.191,1.120,26.389,25.925,0.512,26.188,26.188,,
2024-11-17 10:12:46.160	,-21.475,1.120,26.425,25.955,0.583,26.201,26.250,,
2024-11-17 10:42:46.160	,-32.966,1.120,26.508,26.048,0.573,26.312,26.312,,
2024-11-17 11:12:46.160	,-19.310,1.120,26.605,26.139,0.557,26.379,26.375,,
2024-11-17 11:42:46.160	,-18.625,1.120,26.652,26.191,0.490,26.496,26.438,,
2024-11-17 12:12:46.160	,-18.635,1.120,26.778,26.317,0.426,26.544,26.500,,
2024-11-17 12:42:46.160	,-18.594,1.120,26.824,26.365,0.450,26.585,26.562,,
2024-11-17 13:12:46.160	,-18.685,1.120,26.875,26.402,0.411,26.700,26.625,,
2024-11-17 13:42:46.160	,-18.786,1.120,26.851,26.389,0.420,26.697,26.625,,
2024-11-17 14:12:46.160	,-18.685,1.120,26.811,26.343,0.446,26.570,26.688,,
2024-11-17 14:42:46.160	,-18.836,1.120,26.828,26.362,0.438,26.639,26.750,,
2024-11-17 15:12:46.160	,-18.695,1.120,26.867,26.385,0.448,26.697,26.750,,
2024-11-17 15:42:46.160	,-18.806,1.120,26.891,26.379,0.434,26.639,26.750,,
2024-11-17 16:12:46.160	,-18.826,1.120,26.903,26.444,0.449,26.665,26.750,,
2024-11-17 16:42:46.160	,-18.816,1.120,26.901,26.430,0.465,26.674,26.812,,
2024-11-17 17:12:46.160	,-18.756,1.120,26.911,26.436,0.475,26.684,26.812,,
2024-11-17 17:42:46.160	,-18.725,1.120,26.908,26.408,0.509,26.757,26.812,,
2024-11-17 18:12:46.160	,-18.796,1.120,26.904,26.447,0.506,26.678,26.812,,
2024-11-17 18:42:46.160	,-18.816,1.120,26.867,26.362,0.414,26.639,26.750,,
2024-11-17 19:12:46.160	,-18.836,1.120,26.805,26.350,0.426,26.576,26.688,,
2024-11-17 19:42:46.160	,-18.836,1.120,26.753,26.297,0.447,26.535,26.625,,
2024-11-17 20:12:46.160	,-18.836,1.120,26.725,26.259,0.449,26.512,26.625,,
2024-11-17 20:42:46.160	,-18.746,1.120,26.703,26.248,0.433,26.506,26.625,,
2024-11-17 21:12:46.160	,-18.836,1.120,26.696,26.240,0.426,26.490,26.625,,
2024-11-18 10:10:22.031	,-40.438,1.120,26.175,25.701,0.353,26.062,26.000,,
2024-11-18 10:40:22.031	,-32.402,1.120,26.182,25.714,0.380,26.062,26.000,,
2024-11-18 11:10:22.031	,-18.373,1.120,26.193,25.733,0.387,26.046,26.062,,
2024-11-18 11:40:22.031	,-18.524,1.120,26.220,25.761,0.380,26.062,26.062,,
2024-11-18 12:10:22.031	,-18.474,1.120,26.275,25.758,0.378,26.116,26.062,,
2024-11-18 12:40:22.031	,-18.464,1.120,26.307,25.840,0.405,26.125,26.125,,
2024-11-18 13:10:22.031	,-18.403,1.120,26.330,25.869,0.391,26.182,26.188,,
2024-11-18 13:40:22.031	,-18.514,1.120,26.354,25.893,0.403,26.192,26.188,,
2024-11-18 14:10:22.031	,-18.504,1.120,26.374,25.915,0.377,26.201,26.188,,
2024-11-18 14:40:22.031	,-18.504,1.120,26.408,25.929,0.390,26.239,26.250,,
2024-11-18 15:10:22.031	,-18.544,1.120,26.444,25.978,0.404,26.252,26.250,,
2024-11-18 15:40:22.031	,-18.504,1.120,26.464,25.997,0.403,26.261,26.250,,
2024-11-18 16:10:22.031	,-18.534,1.120,26.478,26.011,0.411,26.299,26.312,,
2024-11-18 16:40:22.031	,-18.594,1.120,26.481,26.018,0.405,26.309,26.250,,
2024-11-18 17:10:22.031	,-18.766,1.120,26.477,25.980,0.402,26.315,26.250,,
2024-11-19 12:01:14.127	,-61.325,1.120,26.028,25.514,0.479,25.935,25.875,,
2024-11-19 12:31:14.127	,-18.846,1.120,26.039,25.577,0.485,25.884,25.875,,
2024-11-19 13:01:14.127	,-18.212,1.120,26.053,25.580,0.494,25.916,25.875,,
2024-11-19 13:31:14.127	,-18.333,1.120,26.057,25.587,0.489,25.973,25.875,,
2024-11-19 14:01:14.127	,-18.292,1.120,26.060,25.547,0.503,25.916,25.938,,
2024-11-19 14:31:14.127	,-18.574,1.120,26.071,25.610,0.500,25.926,25.938,,
2024-11-20 08:56:17.960	,-20.508,1.120,25.776,25.312,0.531,25.682,25.688,,
2024-11-20 09:26:17.960	,-18.222,1.120,25.815,25.344,0.538,25.682,25.688,,
2024-11-20 09:56:17.960	,-18.373,1.120,25.850,25.377,0.549,25.742,25.688,,
2024-11-20 10:26:17.960	,-18.202,1.120,25.923,25.448,0.551,25.793,25.750,,
2024-11-20 10:56:17.960	,-18.312,1.120,25.983,25.522,0.543,25.850,25.875,,
2024-11-20 11:26:17.960	,-18.383,1.120,26.069,25.581,0.535,25.910,25.938,,
2024-11-20 11:56:17.960	,-18.282,1.120,26.174,25.715,0.546,25.998,26.000,,
2024-11-20 12:26:17.960	,-18.393,1.120,26.224,25.765,0.542,26.062,26.062,,
2024-11-20 12:56:17.960	,-18.625,1.120,26.340,25.872,0.535,26.128,26.125,,
2024-11-20 13:26:17.960	,-18.484,1.120,26.449,25.986,0.529,26.236,26.250,,
2024-11-20 13:56:17.960	,-18.423,1.120,26.474,25.989,0.515,26.299,26.250,,
2024-11-20 14:26:17.960	,-18.504,1.120,26.442,25.975,0.500,26.252,26.375,,
2024-11-20 14:56:17.960	,-18.453,1.120,26.466,26.003,0.540,26.293,26.375,,
2024-11-20 15:26:17.960	,-18.514,1.120,26.478,25.990,0.542,26.312,26.438,,
2024-11-20 15:56:17.960	,-18.584,1.120,26.463,26.004,0.566,26.312,26.375,,
2024-11-20 16:26:17.960	,-18.574,1.120,26.442,25.985,0.568,26.280,26.375,,
2024-11-20 16:56:17.960	,-18.534,1.120,26.454,25.997,0.574,26.280,26.375,,
2024-11-20 17:26:17.960	,-18.594,1.120,26.488,26.032,0.583,26.315,26.438,,
2024-11-20 17:56:17.960	,-18.564,1.120,,26.123,0.553,26.382,26.500,,
2024-11-20 18:26:17.960	,-18.574,1.120,26.745,26.289,0.539,26.515,26.625,,
2024-11-20 18:56:17.960	,-18.675,1.120,26.635,26.179,0.539,26.426,26.562,,
2024-11-20 19:26:17.960	,-18.615,1.120,26.585,26.095,0.576,26.379,26.500,,
2024-11-21 08:59:46.027	,-49.784,1.120,25.914,25.401,0.517,25.758,25.750,,
2024-11-21 09:29:46.027	,-18.564,1.120,25.972,25.500,0.524,25.808,25.812,,
2024-11-21 09:59:46.027	,-18.353,1.120,26.000,25.541,0.519,25.859,25.812,,
2024-11-21 10:29:46.027	,-18.443,1.120,26.034,25.565,0.535,25.875,25.875,,
2024-11-21 10:59:46.027	,-18.373,1.120,26.097,25.638,0.522,25.935,25.938,,
2024-11-21 11:29:46.027	,-18.353,1.120,26.158,25.647,0.505,25.998,26.000,,
2024-11-21 11:59:46.027	,-18.433,1.120,26.162,25.703,0.515,25.998,26.000,,
2024-11-21 12:29:46.027	,-18.453,1.120,26.196,25.728,0.510,26.021,26.000,,
2024-11-21 12:59:46.027	,-18.393,1.120,26.206,25.740,0.495,26.071,26.000,,
2024-11-21 13:29:46.027	,-18.403,1.120,26.212,25.744,0.496,26.119,26.000,,
2024-11-21 13:59:46.027	,-18.403,1.120,26.275,25.757,0.489,26.081,26.062,,
2024-11-21 14:29:46.027	,-18.413,1.120,26.319,25.801,0.479,26.128,26.125,,
2024-11-21 14:59:46.027	,-18.433,1.120,26.351,25.891,0.471,26.182,26.188,,
2024-11-21 15:29:46.027	,-18.524,1.120,26.436,25.969,0.485,26.249,26.250,,
2024-11-21 15:59:46.027	,-18.574,1.120,26.463,26.004,0.463,26.274,26.250,,
2024-11-21 16:29:46.027	,-18.786,1.120,26.497,26.015,0.465,26.299,26.312,,
2024-11-21 16:59:46.027	,-18.675,1.120,26.524,26.060,0.464,26.315,26.312,,
2024-11-21 17:29:46.027	,-18.705,1.120,26.511,26.045,0.473,26.312,26.312,,
2024-11-21 17:59:46.027	,-18.655,1.120,26.517,26.052,0.467,26.315,26.312,,
2024-11-21 18:29:46.027	,-18.605,1.120,26.537,26.043,0.462,26.398,26.312,,
2024-11-21 18:59:46.027	,-18.675,1.120,26.561,26.105,0.460,26.376,26.375,,
2024-11-22 09:11:55.022	,-35.362,1.120,26.105,25.636,0.498,25.935,25.938,,
2024-11-22 09:41:55.022	,-18.343,1.120,26.122,25.653,0.494,25.945,25.938,,
2024-11-22 10:11:55.022	,-18.524,1.120,26.153,25.686,0.519,25.992,26.000,,
2024-11-22 10:41:55.022	,-18.464,1.120,26.186,25.725,0.493,26.017,26.000,,
2024-11-22 11:11:55.022	,-18.383,1.120,26.240,25.779,0.508,26.068,26.062,,
2024-11-22 11:41:55.022	,-18.514,1.120,26.295,25.836,0.500,26.125,26.125,,
2024-11-22 12:11:55.022	,-18.453,1.120,26.354,25.884,0.491,26.188,26.188,,
2024-11-22 12:41:55.022	,-18.554,1.120,26.388,25.927,0.512,26.261,26.250,,
2024-11-22 13:11:55.022	,-18.504,1.120,26.463,25.980,0.484,26.290,26.312,,
2024-11-22 13:41:55.022	,-18.574,1.120,26.532,26.075,0.485,26.347,26.312,,
2024-11-22 14:11:55.022	,-18.433,1.120,26.599,26.139,0.488,26.455,26.375,,
2024-11-22 14:41:55.022	,-18.514,1.120,26.626,26.165,0.475,26.439,26.438,,
2024-11-22 15:11:55.022	,-18.524,1.120,26.665,26.202,0.478,26.442,26.438,,
2024-11-22 15:41:55.022	,-18.655,1.120,26.712,26.220,0.491,26.506,26.500,,
2024-11-22 16:11:55.022	,-18.635,1.120,26.732,26.272,0.486,26.525,26.562,,
2024-11-22 16:41:55.022	,-18.725,1.120,26.732,26.273,0.489,26.515,26.500,,
2024-11-22 17:11:55.022	,-18.776,1.120,26.739,26.273,0.495,26.535,26.562,,
2024-11-22 17:41:55.022	,-18.695,1.120,26.722,26.264,0.506,26.528,26.500,,
2024-11-22 18:11:55.022	,-18.675,1.120,26.726,26.261,0.510,26.506,26.500,,
2024-11-22 18:41:55.022	,-18.615,1.120,26.722,26.266,0.493,26.576,26.500,,
2024-11-22 19:11:55.022	,-18.665,1.120,26.715,26.258,0.507,26.570,26.500,,
2024-11-22 19:41:55.022	,-18.725,1.120,26.701,26.244,0.504,26.573,26.500,,
2024-11-22 20:11:55.022	,-18.705,1.120,26.690,26.233,0.515,26.474,26.500,,
2024-11-22 20:41:55.022	,-18.806,1.120,26.692,26.228,0.497,26.468,26.438,,
2024-11-22 21:11:55.022	,-18.605,1.120,26.675,26.220,0.501,26.465,26.500,,
2024-11-23 08:50:36.013	,-19.461,1.120,26.169,25.708,0.437,26.027,26.062,,
2024-11-23 09:20:36.013	,-18.534,1.120,26.179,25.718,0.454,26.043,26.000,,
2024-11-23 09:50:36.013	,-18.544,1.120,26.252,25.786,0.480,26.081,26.062,,
2024-11-23 10:20:36.013	,-18.584,1.120,26.313,25.845,0.469,26.211,26.125,,
2024-11-23 10:50:36.013	,-18.675,1.120,26.361,25.857,0.462,26.188,26.250,,
2024-11-23 11:20:36.013	,-18.605,1.120,26.408,25.930,0.448,26.249,26.250,,
2024-11-23 11:50:36.013	,-18.685,1.120,26.491,26.013,0.449,26.376,26.375,,
2024-11-23 12:20:36.013	,-18.655,1.120,26.530,26.074,0.491,26.350,26.438,,
2024-11-23 12:50:36.013	,-18.584,1.120,26.539,26.074,0.493,26.372,26.375,,
2024-11-23 13:20:36.013	,-18.625,1.120,26.530,26.074,0.493,26.376,26.375,,
2024-11-23 13:50:36.013	,-18.574,1.120,26.531,26.067,0.494,26.426,26.375,,
2024-11-23 14:20:36.013	,-18.756,1.120,26.505,26.050,0.483,26.360,26.312,,
2024-11-23 14:50:36.013	,-18.776,1.120,26.507,26.052,0.505,26.353,26.375,,
2024-11-23 15:20:36.013	,-18.756,1.120,26.525,26.062,0.495,26.369,26.312,,
2024-11-23 15:50:36.013	,-18.645,1.120,26.544,26.085,0.511,26.382,26.375,,
2024-11-23 16:20:36.013	,-18.735,1.120,26.575,26.111,0.506,26.392,26.375,,
2024-11-23 16:50:36.013	,-18.816,1.120,26.588,26.098,0.523,26.404,26.438,,
2024-11-23 17:20:36.013	,-18.746,1.120,26.605,26.151,0.519,26.439,26.438,,
2024-11-23 17:50:36.013	,-18.806,1.120,26.616,26.162,0.511,26.506,26.438,,
2024-11-23 18:20:36.013	,-18.786,1.120,26.625,26.162,0.519,26.519,26.438,,
2024-11-23 18:50:36.013	,-18.776,1.120,26.605,26.153,0.531,26.442,26.438,,
2024-11-24 09:06:45.058	,-19.058,1.120,26.182,25.722,0.569,26.027,26.125,,
2024-11-24 09:36:45.058	,-18.534,1.120,26.213,25.751,0.576,26.055,26.188,,
2024-11-24 10:06:45.058	,-18.292,1.120,26.255,25.786,0.610,26.074,26.188,,
2024-11-24 10:36:45.058	,-13.821,1.120,26.265,25.798,0.606,26.122,26.188,,
2024-11-24 11:06:45.058	,-18.584,1.120,26.306,25.791,0.615,26.207,26.188,,
2024-11-24 11:36:45.058	,-18.534,1.120,26.395,25.923,0.626,26.211,26.312,,
2024-11-24 12:06:45.058	,-18.735,1.120,26.442,25.955,0.639,26.261,26.312,,
2024-11-24 12:36:45.058	,-18.786,1.120,26.537,26.074,0.620,26.341,26.438,,
2024-11-24 13:06:45.058	,-18.846,1.120,26.638,26.169,0.608,26.433,26.500,,
2024-11-24 13:36:45.058	,-18.836,1.120,26.762,26.296,0.596,26.544,26.625,,
2024-11-24 14:06:45.058	,-18.836,1.120,26.792,26.326,0.588,26.579,26.625,,
2024-11-24 14:36:45.058	,-18.897,1.120,26.811,26.345,0.571,26.617,26.688,,
2024-11-24 15:06:45.058	,-18.876,1.120,26.816,26.362,0.569,26.633,26.688,,
2024-11-24 15:36:45.058	,-18.907,1.120,26.826,26.354,0.595,26.633,26.688,,
2024-11-24 16:06:45.058	,-18.907,1.120,26.848,26.382,0.589,26.649,26.688,,
2024-11-24 16:36:45.058	,-18.816,1.120,26.855,26.401,0.560,26.741,26.750,,
2024-11-24 17:06:45.058	,-18.897,1.120,26.881,26.423,0.610,26.697,26.750,,
2024-11-24 17:36:45.058	,-18.866,1.120,26.910,26.408,0.596,26.703,26.750,,
2024-11-24 18:06:45.058	,-18.856,1.120,26.940,26.480,0.594,26.751,26.938,,
2024-11-24 18:36:45.058	,-18.887,1.120,26.913,26.405,0.598,26.706,26.938,,
2024-11-24 19:06:45.058	,-18.887,1.120,26.911,26.450,0.612,26.773,26.938,,
2024-11-24 19:36:45.058	,-18.967,1.120,26.885,26.419,0.603,26.697,26.875,,
2024-11-24 20:06:45.058	,-19.017,1.120,26.874,26.410,0.639,26.690,26.875,,
2024-11-24 20:36:45.058	,-18.977,1.120,26.852,26.394,0.624,26.639,26.875,,
2024-11-25 09:54:59.030	,-18.897,1.120,26.085,25.625,0.569,26.008,26.000,,
2024-11-25 10:24:59.030	,-18.383,1.120,26.115,25.654,0.569,25.970,26.062,,
2024-11-25 10:54:59.030	,-18.403,1.120,26.158,25.690,0.565,25.998,26.125,,
2024-11-25 11:24:59.030	,-18.443,1.120,26.191,25.723,0.548,26.049,26.125,,
2024-11-25 11:54:59.030	,-18.554,1.120,26.209,25.743,0.566,26.062,26.125,,
2024-11-25 12:24:59.030	,-18.433,1.120,26.228,25.711,0.572,26.062,26.125,,
2024-11-25 12:54:59.030	,-18.383,1.120,26.254,25.789,0.586,26.119,26.188,,
2024-11-25 13:24:59.030	,-18.484,1.120,26.268,25.809,0.572,26.125,26.188,,
2024-11-25 13:54:59.030	,-18.484,1.120,26.290,25.832,0.559,26.141,26.188,,
2024-11-25 14:24:59.030	,-18.615,1.120,26.314,25.859,0.589,26.182,26.250,,
2024-11-25 14:54:59.030	,-18.544,1.120,26.347,25.864,0.587,26.188,26.250,,
2024-11-25 15:24:59.030	,-18.504,1.120,26.367,25.894,0.578,26.217,26.312,,
2024-11-25 15:54:59.030	,-18.413,1.120,26.391,25.932,0.579,26.246,26.312,,
2024-11-25 16:24:59.030	,-18.484,1.120,26.409,25.951,0.584,26.261,26.312,,
2024-11-25 16:54:59.030	,-18.423,1.120,26.433,25.948,0.578,26.261,26.375,,
2024-11-25 17:24:59.030	,-18.594,1.120,26.437,25.985,0.604,26.287,26.375,,
2024-11-26 12:09:06.921	,-18.504,1.120,26.122,25.652,0.637,26.046,26.062,,
2024-11-26 12:39:06.921	,-18.312,1.120,26.181,25.730,0.666,26.074,26.125,,
2024-11-26 13:09:06.921	,-18.343,1.120,26.205,25.723,0.643,26.055,26.125,,
2024-11-26 13:39:06.921	,-18.312,1.120,26.228,25.772,0.650,26.081,26.188,,
2024-11-26 14:09:06.921	,-18.393,1.120,,25.790,0.660,26.116,26.188,,
2024-11-26 14:39:06.921	,-18.403,1.120,26.265,25.802,0.664,26.122,26.188,,
2024-11-26 15:09:06.921	,-18.363,1.120,26.279,25.815,0.647,26.182,26.188,,
2024-11-26 15:39:06.921	,-18.353,1.120,26.305,25.838,0.717,26.147,26.188,,
2024-11-27 10:28:22.076	,-18.272,1.120,25.750,25.292,0.411,25.663,25.750,,
2024-11-27 10:58:22.076	,-18.393,1.120,25.759,25.292,0.443,25.673,25.750,,
2024-11-27 11:28:22.076	,-18.333,1.120,25.772,25.303,0.420,25.679,25.750,,
2024-11-27 11:58:22.076	,-18.202,1.120,25.800,25.322,0.425,25.682,25.750,,
2024-11-27 12:28:22.076	,-18.262,1.120,25.811,25.341,0.407,25.695,25.812,,
2024-11-27 12:58:22.076	,-18.262,1.120,25.798,25.347,0.408,25.685,25.750,,
2024-11-27 18:21:51.955	,-19.491,1.120,25.714,25.246,0.266,25.556,25.562,,
2024-11-28 09:47:51.062	,-16.359,1.120,25.154,24.689,0.216,25.052,25.062,,
2024-11-28 10:17:51.062	,-16.510,1.120,25.168,24.654,0.217,25.058,25.062,,
2024-11-28 10:47:51.062	,-17.074,1.120,25.183,24.719,0.213,25.083,25.125,,
2024-11-28 11:17:51.062	,-17.487,1.120,25.218,24.755,0.206,25.111,25.125,,
2024-11-28 11:47:51.062	,-18.111,1.120,25.233,24.770,0.201,25.114,25.188,,
2024-11-28 12:17:51.062	,-18.081,1.120,25.261,24.799,0.206,25.168,25.188,,
2024-11-28 12:47:51.062	,-18.121,1.120,25.274,24.811,0.206,25.171,25.188,,
2024-11-28 13:17:51.062	,-18.172,1.120,25.282,24.821,0.203,25.177,25.250,,
2024-11-28 13:47:51.062	,-18.192,1.120,25.314,24.852,0.200,25.190,25.250,,
2024-11-28 14:17:51.062	,-18.202,1.120,25.360,24.895,0.192,25.240,25.250,,
2024-11-28 14:47:51.062	,-18.161,1.120,25.412,24.899,0.193,25.288,25.312,,
2024-11-28 15:17:51.062	,-18.232,1.120,25.445,24.986,0.186,25.310,25.375,,
2024-11-28 15:47:51.062	,-18.232,1.120,25.478,25.018,0.186,25.363,25.375,,
2024-11-28 16:17:51.062	,-18.393,1.120,25.496,25.003,0.183,25.366,25.375,,
2024-11-28 16:47:51.062	,-18.312,1.120,25.510,25.041,0.180,25.373,25.438,,
2024-11-28 17:17:51.062	,-18.464,1.120,25.515,25.049,0.178,25.366,25.438,,
2024-11-28 17:47:51.062	,-18.363,1.120,25.521,25.055,0.179,25.373,25.438,,
2024-11-28 18:17:51.062	,-18.373,1.120,25.512,25.055,0.174,25.363,25.438,,
2024-11-29 09:25:12.130	,-10.296,1.120,25.464,24.996,0.274,25.313,25.375,,
2024-11-29 09:55:12.130	,-9.712,1.120,25.481,25.022,0.273,25.363,25.375,,
2024-11-29 10:25:12.130	,-13.156,1.120,25.512,25.051,0.273,25.379,25.375,,
2024-11-29 10:55:12.130	,-17.285,1.120,25.552,25.085,0.280,25.426,25.438,,
2024-11-29 11:25:12.130	,-17.517,1.120,25.591,25.122,0.277,25.429,25.438,,
2024-11-29 11:55:12.130	,-18.111,1.120,25.621,25.161,0.273,25.493,25.500,,
2024-11-29 12:25:12.130	,-18.232,1.120,25.678,25.209,0.285,25.530,25.562,,
2024-11-29 12:55:12.130	,-18.141,1.120,25.723,25.256,0.278,25.568,25.562,,
2024-11-29 13:25:12.130	,-18.212,1.120,25.751,25.244,0.270,25.616,25.625,,
2024-11-29 13:55:12.130	,-18.343,1.120,25.782,25.323,0.279,25.625,25.625,,
2024-11-29 14:25:12.130	,-18.323,1.120,25.811,25.345,0.284,25.647,25.688,,
2024-11-29 14:55:12.130	,-18.474,1.120,25.813,25.356,0.284,25.676,25.688,,
2024-11-29 15:25:12.130	,-18.393,1.120,25.822,25.364,0.284,25.679,25.688,,
2024-11-29 15:55:12.130	,-18.383,1.120,25.834,25.378,0.279,25.682,25.688,,
2024-11-29 16:25:12.130	,-18.232,1.120,25.840,25.385,0.293,25.682,25.688,,
2024-11-30 09:02:27.000	,-19.048,1.120,25.463,25.000,0.351,25.344,25.375,,
2024-11-30 09:32:27.000	,-27.739,1.120,25.467,24.999,0.354,25.322,25.375,,
2024-11-30 10:02:27.000	,-38.948,1.120,25.459,24.993,0.346,25.332,25.375,,
2024-11-30 10:32:27.000	,-23.952,1.120,25.456,24.942,0.336,25.310,25.375,,
2024-11-30 11:02:27.000	,-19.189,1.120,25.482,25.014,0.335,25.351,25.375,,
2024-11-30 11:32:27.000	,-18.756,1.120,25.508,25.000,0.338,25.370,25.375,,
2024-11-30 12:02:27.000	,-18.685,1.120,25.576,25.058,0.333,25.436,25.438,,
2024-11-30 12:32:27.000	,-18.433,1.120,25.617,25.157,0.337,25.493,25.500,,
2024-11-30 13:02:27.000	,-18.433,1.120,25.667,25.199,0.342,25.505,25.562,,
2024-11-30 13:32:27.000	,-18.222,1.120,25.682,25.222,0.337,25.609,25.562,,
2024-11-30 14:02:27.000	,-18.312,1.120,25.697,25.242,0.334,25.616,25.562,,
2024-11-30 14:32:27.000	,-18.383,1.120,25.743,25.276,0.332,25.590,25.625,,
2024-11-30 15:02:27.000	,-18.323,1.120,25.768,25.251,0.328,25.619,25.625,,
2024-11-30 15:32:27.000	,-18.292,1.120,25.780,25.323,0.322,25.622,25.688,,
2024-11-30 16:02:27.000	,-18.484,1.120,25.798,25.340,0.324,25.641,25.688,,
2024-11-30 16:32:27.000	,-18.363,1.120,25.823,25.358,0.310,25.669,25.688,,
2024-11-30 17:02:27.000	,-18.433,1.120,25.840,25.374,0.317,25.679,25.688,,
2024-11-30 17:32:27.000	,-18.242,1.120,25.838,25.333,0.311,25.745,25.688,,
2024-11-30 18:02:27.000	,-18.433,1.120,25.851,25.384,0.315,25.682,25.688,,
2024-11-30 18:32:27.000	,-18.443,1.120,25.851,25.386,0.328,25.682,25.688,,
2024-11-30 19:02:27.000	,-18.584,1.120,25.844,25.366,0.326,25.685,25.750,,
2024-11-30 19:32:27.000	,-18.433,1.120,25.848,25.382,0.329,25.682,25.688,,
2024-12-01 10:23:34.151	,-18.051,1.120,25.437,24.974,0.335,25.310,25.375,,
2024-12-01 10:53:34.151	,-18.010,1.120,,24.920,0.289,25.303,25.312,,
2024-12-01 11:23:34.151	,-18.081,1.120,25.436,24.966,0.264,25.366,25.312,,
2024-12-01 11:53:34.151	,-18.242,1.120,25.433,24.966,0.258,25.303,25.312,,
2024-12-01 12:23:34.151	,-18.161,1.120,25.434,24.966,0.251,25.303,25.312,,
2024-12-01 12:53:34.151	,-18.373,1.120,25.434,24.972,0.250,25.310,25.375,,
2024-12-01 13:23:34.151	,-18.222,1.120,25.440,24.924,0.244,25.303,25.312,,
2024-12-01 13:53:34.151	,-18.323,1.120,25.441,24.976,0.243,25.370,25.375,,
2024-12-01 14:23:34.151	,-18.212,1.120,25.441,24.926,0.252,25.307,25.375,,
2024-12-01 14:53:34.151	,-18.222,1.120,25.447,24.980,0.232,25.307,25.375,,
2024-12-01 15:23:34.151	,-18.423,1.120,25.453,24.941,0.226,25.319,25.375,,
2024-12-01 15:53:34.151	,-18.312,1.120,25.468,24.954,0.220,25.348,25.375,,
2024-12-02 10:15:54.050	,-17.446,1.120,25.576,25.116,0.284,25.439,25.438,,
2024-12-02 10:45:54.050	,-16.570,1.120,25.596,25.134,0.288,25.458,25.500,,
2024-12-02 11:15:54.050	,-15.996,1.120,25.616,25.130,0.320,25.493,25.500,,
2024-12-02 11:45:54.050	,-17.265,1.120,25.650,25.154,0.314,25.499,25.562,,
2024-12-02 12:15:54.050	,-17.859,1.120,25.676,25.207,0.296,25.534,25.562,,
2024-12-02 12:45:54.050	,-18.000,1.120,25.712,25.243,0.311,25.556,25.688,,
2024-12-02 13:15:54.050	,-18.051,1.120,25.744,25.254,0.326,25.594,25.688,,
2024-12-02 13:45:54.050	,-18.081,1.120,25.772,25.304,0.332,25.619,25.688,,
2024-12-02 14:15:54.050	,-18.202,1.120,25.790,25.273,0.306,25.628,25.688,,
2024-12-02 14:45:54.050	,-18.232,1.120,25.801,25.345,0.294,25.650,25.750,,
2024-12-02 15:15:54.050	,-18.242,1.120,25.834,25.345,0.296,25.745,25.750,,
2024-12-02 15:45:54.050	,-18.252,1.120,,25.389,0.292,25.682,25.812,,
2024-12-02 16:15:54.050	,-18.383,1.120,25.870,25.412,0.294,25.717,25.812,,
2024-12-02 16:45:54.050	,-18.433,1.120,25.891,25.434,0.295,25.742,25.812,,
2024-12-03 09:49:23.004	,-8.957,1.120,25.740,25.272,0.477,25.571,25.688,,
2024-12-03 10:19:23.004	,13.048,1.120,25.770,25.311,0.451,25.616,25.750,,
2024-12-03 10:49:23.004	,11.678,1.120,25.819,25.348,0.460,25.669,25.750,,
2024-12-03 11:19:23.004	,-15.241,1.120,25.854,25.394,0.431,25.688,25.812,,
2024-12-03 11:49:23.004	,-17.134,1.120,25.890,25.433,0.436,25.733,25.812,,
2024-12-03 12:19:23.004	,-17.044,1.120,25.939,25.430,0.453,25.786,25.812,,
2024-12-03 12:49:23.004	,-17.940,1.120,26.021,25.563,0.432,25.872,25.875,,
2024-12-03 13:19:23.004	,-18.262,1.120,26.108,25.652,0.432,25.929,26.000,,
2024-12-03 13:49:23.004	,-18.182,1.120,26.172,25.708,0.434,25.976,26.062,,
2024-12-03 14:19:23.004	,-18.172,1.120,26.244,25.779,0.434,26.065,26.125,,
2024-12-03 14:49:23.004	,-18.383,1.120,26.268,25.802,0.431,26.065,26.188,,
2024-12-03 15:19:23.004	,-18.212,1.120,26.305,25.847,0.431,26.122,26.188,,
2024-12-03 15:49:23.004	,-18.282,1.120,26.316,25.862,0.421,26.125,26.250,,
2024-12-03 16:19:23.004	,-18.353,1.120,26.351,25.833,0.418,26.128,26.250,,
2024-12-03 16:49:23.004	,-18.151,1.120,26.388,25.923,0.415,26.176,26.250,,
2024-12-03 17:19:23.004	,-15.311,1.120,26.419,25.955,0.413,26.198,26.312,,
2024-12-03 17:49:23.004	,-18.323,1.120,26.419,25.964,0.404,26.207,26.312,,
2024-12-03 18:19:23.004	,-18.433,1.120,26.415,25.960,0.405,26.192,26.312,,
2024-12-03 18:49:23.004	,-18.453,1.120,26.406,25.953,0.405,26.192,26.312,,
2024-12-03 19:19:23.004	,-18.433,1.120,26.401,25.922,0.400,26.188,26.312,,
2024-12-04 09:54:06.020	,13.531,1.120,25.989,25.528,0.641,25.812,25.938,,
2024-12-04 10:24:06.020	,38.084,1.120,26.001,25.532,0.613,25.815,25.938,,
2024-12-04 10:54:06.020	,32.877,1.120,26.011,25.544,0.605,25.818,25.938,,
2024-12-04 11:24:06.020	,1.587,1.120,26.035,25.567,0.593,25.869,25.938,,
2024-12-04 11:54:06.020	,-7.305,1.120,26.045,25.567,0.552,25.872,25.938,,
2024-12-04 12:24:06.020	,-15.332,1.120,26.059,25.592,0.538,25.935,26.000,,
2024-12-04 12:54:06.020	,-16.399,1.120,26.078,25.621,0.523,25.964,26.000,,
